valid_at_local,temp_c,precip_mm,humidity_pct,quality_flag,dewpoint_c,wind_kmh,gust_kmh,pressure_hpa,solar_wm2
2026-07-13T00:00,15.5,0.0,94.9,ok,14.8,1.3,3.5,1020.4,0.0
2026-07-13T01:00,14.7,0.0,96.3,ok,14.1,1.9,3.5,1020.3,0.0
2026-07-13T02:00,14.1,0.0,97.2,ok,13.6,2.1,5.5,1020.1,0.0
2026-07-13T03:00,13.4,0.0,98.0,ok,13.1,2.5,3.5,1020.0,0.0
2026-07-13T04:00,13.3,0.0,98.0,ok,12.9,1.8,3.5,1019.8,0.0
2026-07-13T05:00,12.8,0.0,98.2,ok,12.6,2.1,5.5,1019.9,6.0
2026-07-13T06:00,13.3,0.0,98.0,ok,13.0,1.2,3.5,1020.0,29.2
2026-07-13T07:00,17.2,0.0,88.2,ok,15.2,0.4,3.5,1020.1,152.2
2026-07-13T08:00,20.4,0.0,77.8,ok,16.3,0.6,5.5,1019.8,348.0
2026-07-13T09:00,24.0,0.0,64.8,ok,17.0,1.1,5.5,1019.4,529.6
2026-07-13T10:00,27.2,0.0,51.3,ok,16.3,1.0,5.5,1018.8,610.0
2026-07-13T11:00,29.1,0.0,45.2,ok,16.1,1.5,5.5,1018.4,715.0
2026-07-13T12:00,29.5,0.0,45.7,ok,16.5,2.1,7.2,1018.1,729.6
2026-07-13T13:00,29.9,0.0,46.5,ok,17.2,2.2,9.3,1017.8,749.9
2026-07-13T14:00,30.9,0.0,46.8,ok,18.1,4.1,14.8,1017.4,717.4
2026-07-13T15:00,31.4,0.0,45.4,ok,18.1,3.4,13.0,1017.1,647.7
2026-07-13T16:00,32.1,0.0,44.5,ok,18.4,1.5,7.2,1016.7,542.5
2026-07-13T17:00,31.2,0.0,48.6,ok,19.1,2.9,11.1,1016.5,308.0
2026-07-13T18:00,29.6,0.0,51.7,ok,18.5,1.1,5.5,1016.5,100.9
2026-07-13T19:00,26.8,0.0,63.1,ok,19.1,2.9,7.2,1016.8,53.0
2026-07-13T20:00,25.6,0.0,64.5,ok,18.4,2.5,7.2,1017.3,10.7
2026-07-13T21:00,24.6,0.0,67.9,ok,18.3,2.0,7.2,1017.8,0.0
2026-07-13T22:00,23.2,0.0,76.6,ok,18.8,1.5,5.5,1018.5,0.0
2026-07-13T23:00,22.8,0.0,74.8,ok,18.1,2.4,5.5,1018.1,0.0
2026-07-14T00:00,22.0,0.0,77.8,ok,17.9,0.3,1.8,1018.5,0.0
2026-07-14T01:00,20.3,0.0,87.5,ok,18.1,1.1,3.5,1018.8,0.0
2026-07-14T02:00,19.8,0.0,88.8,ok,17.9,0.4,3.5,1018.0,0.0
2026-07-14T03:00,19.0,0.0,92.5,ok,17.8,0.4,1.8,1017.8,0.0
2026-07-14T04:00,18.4,0.0,93.6,ok,17.3,0.6,3.5,1018.1,0.0
2026-07-14T05:00,17.4,0.0,95.4,ok,16.6,1.0,3.5,1017.9,6.8
2026-07-14T06:00,17.8,0.0,95.0,ok,16.9,1.2,3.5,1017.9,40.7
2026-07-14T07:00,20.2,0.0,87.9,ok,18.2,0.1,1.8,1018.0,149.5
2026-07-14T08:00,22.5,0.0,79.8,ok,18.8,0.2,3.5,1017.8,278.6
2026-07-14T09:00,25.0,0.0,70.9,ok,19.3,0.7,3.5,1017.4,365.7
2026-07-14T10:00,26.8,0.0,64.8,ok,19.6,0.6,3.5,1017.3,397.9
2026-07-14T11:00,27.5,0.0,66.4,ok,20.7,1.6,7.2,1017.0,393.4
2026-07-14T12:00,29.0,0.0,64.5,ok,21.6,2.8,11.1,1016.5,619.1
2026-07-14T13:00,29.5,0.0,63.4,ok,21.9,4.7,21.9,1015.7,691.3
2026-07-14T14:00,29.9,0.0,61.5,ok,21.7,4.7,14.8,1015.3,581.6
2026-07-14T15:00,29.6,0.0,58.4,ok,20.5,3.6,11.1,1015.0,253.5
2026-07-14T16:00,27.9,0.0,61.9,ok,19.9,3.6,11.1,1015.7,14.4
2026-07-14T17:00,21.7,3.6,83.3,ok,18.5,6.8,34.9,1017.8,5.2
2026-07-14T18:00,19.1,0.5,96.5,ok,18.5,1.4,7.2,1016.5,99.6
2026-07-14T19:00,19.3,0.0,97.4,ok,18.8,2.2,5.5,1016.5,51.2
2026-07-14T20:00,18.6,0.0,98.0,ok,18.2,2.1,5.5,1016.9,6.4
2026-07-14T21:00,18.0,0.0,98.6,ok,17.8,0.3,3.5,1017.5,0.0
2026-07-14T22:00,17.8,0.0,99.0,ok,17.6,0.4,3.5,1017.8,0.0
2026-07-14T23:00,17.8,0.0,99.0,ok,17.6,0.2,1.8,1017.5,0.0
2026-07-15T00:00,17.7,0.0,99.0,ok,17.6,0.1,1.8,1017.1,0.0
2026-07-15T01:00,17.6,0.0,99.0,ok,17.4,0.1,1.8,1017.2,0.0
2026-07-15T02:00,17.3,0.0,99.0,ok,17.2,0.9,3.5,1017.4,0.0
2026-07-15T03:00,17.2,0.0,99.0,ok,17.0,0.4,3.5,1017.5,0.0
2026-07-15T04:00,17.2,0.0,99.0,ok,17.1,0.4,3.5,1017.3,0.0
2026-07-15T05:00,17.3,0.0,99.0,ok,17.1,0.3,3.5,1016.9,2.8
2026-07-15T06:00,17.3,0.0,99.0,ok,17.2,1.4,7.2,1016.9,40.6
2026-07-15T07:00,17.9,0.0,99.0,ok,17.8,1.5,5.5,1017.8,91.5
2026-07-15T08:00,20.5,0.0,93.7,ok,19.4,1.3,5.5,1018.0,288.1
2026-07-15T09:00,23.2,0.0,85.1,ok,20.6,1.4,7.2,1018.2,506.9
2026-07-15T10:00,25.5,0.0,73.1,ok,20.3,2.6,7.2,1018.2,603.2
2026-07-15T11:00,27.3,0.0,65.2,ok,20.2,4.5,11.1,1018.1,685.2
2026-07-15T12:00,28.9,0.0,60.1,ok,20.3,4.4,11.1,1017.7,722.3
2026-07-15T13:00,30.0,0.0,54.4,ok,19.8,4.7,13.0,1017.4,756.9
2026-07-15T14:00,30.0,0.0,53.8,ok,19.6,4.2,11.1,1017.1,375.2
2026-07-15T15:00,28.1,0.0,64.7,ok,20.8,5.0,11.1,1017.1,287.1
2026-07-15T16:00,28.5,0.0,65.1,ok,21.3,3.8,7.2,1017.0,499.7
2026-07-15T17:00,28.5,0.0,66.4,ok,21.6,4.3,7.2,1016.8,366.5
2026-07-15T18:00,29.7,0.0,56.3,ok,20.1,1.0,3.5,1016.6,97.6
2026-07-15T19:00,27.8,0.0,67.2,ok,21.0,2.0,5.5,1017.0,52.8
2026-07-15T20:00,24.6,0.0,79.8,ok,20.9,1.4,3.5,1017.3,8.2
2026-07-15T21:00,23.2,7.9,86.3,ok,20.8,1.3,11.1,1018.2,0.0
2026-07-15T22:00,21.0,1.0,96.8,ok,20.4,1.8,9.3,1018.5,0.0
2026-07-15T23:00,20.5,0.0,98.7,ok,20.2,0.4,3.5,1018.8,0.0
2026-07-16T00:00,19.8,0.0,99.0,ok,19.7,0.1,1.8,1019.0,0.0
2026-07-16T01:00,19.7,0.5,99.0,ok,19.5,0.3,5.5,1018.4,0.0
2026-07-16T02:00,19.5,0.0,99.0,ok,19.3,0.7,3.5,1018.5,0.0
2026-07-16T03:00,19.5,0.0,99.0,ok,19.3,0.1,1.8,1018.6,0.0
2026-07-16T04:00,19.4,0.0,99.0,ok,19.2,0.1,1.8,1018.4,0.0
2026-07-16T05:00,19.3,0.0,99.0,ok,19.1,0.0,1.8,1018.4,3.2
2026-07-16T06:00,19.4,0.0,99.0,ok,19.2,0.0,0.0,1018.7,27.7
2026-07-16T07:00,19.7,4.4,99.0,ok,19.5,0.4,3.5,1019.2,40.9
2026-07-16T08:00,19.8,0.2,99.0,ok,19.7,0.5,1.8,1019.7,58.4
2026-07-16T09:00,20.9,0.0,98.8,ok,20.7,0.9,5.5,1020.1,354.8
2026-07-16T10:00,24.0,0.0,86.3,ok,21.5,1.9,5.5,1020.3,687.5
2026-07-16T11:00,25.3,0.0,78.9,ok,21.3,4.8,13.0,1020.5,705.6
2026-07-16T12:00,25.7,0.0,75.3,ok,21.0,5.7,14.8,1020.3,684.6
2026-07-16T13:00,26.9,0.0,70.7,ok,21.0,4.4,13.0,1020.0,738.1
2026-07-16T14:00,28.0,0.0,65.8,ok,21.0,3.8,11.1,1019.5,683.9
2026-07-16T15:00,28.6,0.0,63.2,ok,20.9,3.6,13.0,1019.0,576.2
2026-07-16T16:00,28.9,0.0,61.4,ok,20.7,2.8,9.3,1018.8,529.4
2026-07-16T17:00,29.8,0.0,59.6,ok,21.1,1.9,7.2,1018.5,386.5
2026-07-16T18:00,28.5,0.0,65.6,ok,21.4,3.2,9.3,1018.2,169.3
2026-07-16T19:00,26.0,0.0,74.6,ok,21.2,3.9,9.3,1018.0,46.7
2026-07-16T20:00,24.0,0.0,81.8,ok,20.7,2.0,7.2,1018.1,11.1
2026-07-16T21:00,21.8,0.0,90.1,ok,20.1,1.7,5.5,1018.2,0.0
2026-07-16T22:00,20.4,0.0,93.2,ok,19.3,2.4,3.5,1018.7,0.0
2026-07-16T23:00,19.8,0.0,95.4,ok,19.0,1.4,3.5,1018.8,0.0
2026-07-17T00:00,19.2,0.0,96.7,ok,18.7,1.0,3.5,1018.4,0.0
2026-07-17T01:00,18.7,0.0,97.8,ok,18.3,0.6,3.5,1018.1,0.0
2026-07-17T02:00,18.2,0.0,98.7,ok,18.0,0.8,5.5,1017.9,0.0
2026-07-17T03:00,17.9,0.0,99.0,ok,17.7,0.6,3.5,1017.6,0.0
2026-07-17T04:00,17.4,0.0,99.0,ok,17.2,1.6,3.5,1017.3,0.0
2026-07-17T05:00,17.2,0.0,99.0,ok,17.0,0.7,3.5,1017.0,6.9
2026-07-17T06:00,17.7,0.0,99.0,ok,17.5,0.4,3.5,1016.7,46.7
2026-07-17T07:00,20.2,0.0,94.7,ok,19.3,0.2,3.5,1016.2,105.2
2026-07-17T08:00,22.6,0.0,87.4,ok,20.4,0.9,3.5,1016.3,282.6
2026-07-17T09:00,22.7,0.3,90.8,ok,21.1,1.6,5.5,1016.0,151.1
2026-07-17T10:00,23.5,0.0,90.0,ok,21.7,1.7,7.2,1016.0,154.3
2026-07-17T11:00,25.4,0.0,75.7,ok,20.8,4.2,18.3,1015.7,745.4
2026-07-17T12:00,25.6,0.0,69.3,ok,19.5,5.4,18.3,1014.3,575.8
2026-07-17T13:00,27.5,0.0,61.9,ok,19.6,3.1,13.0,1013.3,504.2
2026-07-17T14:00,28.5,0.0,59.9,ok,20.0,2.3,9.3,1013.1,498.0
2026-07-17T15:00,29.8,0.0,57.4,ok,20.4,2.1,7.2,1012.5,647.3
2026-07-17T16:00,30.2,0.0,52.1,ok,19.2,4.7,18.3,1011.8,518.2
2026-07-17T17:00,29.2,0.0,57.1,ok,19.8,7.1,25.6,1011.6,379.3
2026-07-17T18:00,29.0,0.0,59.0,ok,20.2,4.2,20.1,1011.3,161.5
2026-07-17T19:00,27.8,0.0,61.9,ok,19.8,2.7,9.3,1011.1,41.6
2026-07-17T20:00,24.1,0.0,78.4,ok,20.1,3.8,7.2,1011.2,6.7
2026-07-17T21:00,21.8,0.0,85.3,ok,19.2,2.7,5.5,1011.8,0.0
2026-07-17T22:00,20.7,0.0,88.5,ok,18.7,1.9,7.2,1012.5,0.0
2026-07-17T23:00,19.5,0.0,92.7,ok,18.2,1.4,5.5,1012.7,0.0
2026-07-18T00:00,18.7,0.0,94.8,ok,17.8,1.3,3.5,1012.9,0.0
2026-07-18T01:00,18.3,0.0,95.6,ok,17.6,1.7,5.5,1013.5,0.0
2026-07-18T02:00,18.6,0.0,95.3,ok,17.8,1.2,3.5,1013.9,0.0
2026-07-18T03:00,19.1,0.0,94.7,ok,18.2,0.9,5.5,1013.9,0.0
2026-07-18T04:00,19.1,0.0,94.9,ok,18.2,1.4,7.2,1013.9,0.0
2026-07-18T05:00,18.5,0.0,96.5,ok,18.0,0.6,3.5,1014.0,6.0
2026-07-18T06:00,18.8,0.0,95.7,ok,18.1,0.7,3.5,1014.0,51.1
2026-07-18T07:00,20.4,0.0,90.2,ok,18.8,0.9,5.5,1014.0,137.5
2026-07-18T08:00,22.5,0.0,83.2,ok,19.5,1.2,5.5,1013.8,357.3
2026-07-18T09:00,24.9,0.0,74.5,ok,20.0,1.6,5.5,1013.5,474.6
2026-07-18T10:00,26.2,0.0,68.1,ok,19.9,3.2,9.3,1013.5,515.7
2026-07-18T11:00,28.6,0.0,58.6,ok,19.7,2.9,11.1,1013.3,713.9
2026-07-18T12:00,29.9,0.0,54.1,ok,19.6,4.3,11.1,1012.9,722.0
2026-07-18T13:00,31.2,0.0,44.6,ok,17.6,2.7,9.3,1012.6,738.4
2026-07-18T14:00,30.9,0.0,44.5,ok,17.2,3.6,14.8,1011.8,559.1
2026-07-18T15:00,28.7,0.0,54.5,ok,18.6,3.7,11.1,1011.7,169.7
2026-07-18T16:00,26.9,0.5,69.2,ok,20.6,2.2,7.2,1011.7,150.5
2026-07-18T17:00,22.7,5.1,89.6,ok,20.9,2.6,13.0,1012.4,12.0
2026-07-18T18:00,19.7,3.8,96.5,ok,19.2,1.5,13.0,1014.4,10.5
2026-07-18T19:00,19.0,0.3,99.0,ok,18.9,1.2,5.5,1014.8,23.2
2026-07-18T20:00,19.1,0.5,99.0,ok,18.9,1.0,5.5,1015.2,0.9
2026-07-18T21:00,18.8,0.0,99.0,ok,18.6,0.7,5.5,1015.5,0.0
2026-07-18T22:00,18.5,0.8,99.0,ok,18.3,0.4,5.5,1015.8,0.0
2026-07-18T23:00,18.1,0.2,99.0,ok,17.9,3.5,11.1,1015.7,0.0
2026-07-19T00:00,17.4,0.0,99.0,ok,17.3,0.7,5.5,1015.1,0.0
2026-07-19T01:00,17.0,0.0,99.0,ok,16.8,0.0,1.8,1014.5,0.0
2026-07-19T02:00,16.7,0.0,99.0,ok,16.5,0.7,3.5,1014.5,0.0
2026-07-19T03:00,16.3,0.0,99.0,ok,16.1,1.3,5.5,1014.6,0.0
2026-07-19T04:00,15.8,0.0,99.0,ok,15.6,0.1,3.5,1014.4,0.0
2026-07-19T05:00,15.3,0.0,99.0,ok,15.2,0.3,3.5,1014.5,5.0
2026-07-19T06:00,15.0,0.0,99.0,ok,14.8,0.7,3.5,1014.5,43.9
2026-07-19T07:00,15.8,0.0,99.0,ok,15.7,0.6,5.5,1014.6,188.7
2026-07-19T08:00,18.1,0.0,93.7,ok,17.1,0.5,3.5,1014.4,334.7
2026-07-19T09:00,21.0,0.0,84.5,ok,18.2,1.3,5.5,1014.2,446.3
2026-07-19T10:00,23.4,0.0,80.8,ok,19.9,1.8,7.2,1013.9,632.7
2026-07-19T11:00,25.1,0.0,69.0,ok,19.0,3.2,9.3,1013.5,683.9
2026-07-19T12:00,26.5,0.0,64.6,ok,19.2,3.4,9.3,1013.1,704.3
2026-07-19T13:00,27.7,0.0,59.2,ok,19.0,3.5,9.3,1012.4,709.8
2026-07-19T14:00,29.1,0.0,56.1,ok,19.5,1.8,9.3,1012.0,755.0
2026-07-19T15:00,29.8,0.0,53.6,ok,19.3,2.8,13.0,1011.9,644.2
2026-07-19T16:00,30.0,0.0,52.2,ok,19.1,2.8,11.1,1011.5,436.9
2026-07-19T17:00,24.8,0.0,59.4,ok,16.4,4.9,18.3,1012.8,186.3
2026-07-19T18:00,20.7,0.0,74.5,ok,16.0,3.2,11.1,1014.8,30.2
2026-07-19T19:00,19.2,0.0,81.5,ok,16.0,1.9,5.5,1015.9,19.0
2026-07-19T20:00,18.8,0.0,82.8,ok,15.8,1.4,5.5,1016.5,4.3
2026-07-19T21:00,18.2,0.0,86.7,ok,15.9,0.6,3.5,1017.4,0.0
2026-07-19T22:00,16.9,0.0,92.2,ok,15.6,0.5,3.5,1018.1,0.0
2026-07-19T23:00,15.8,0.0,95.2,ok,15.1,0.1,1.8,1018.6,0.0
2026-07-20T00:00,14.4,0.0,97.1,ok,14.0,0.7,3.5,1019.1,0.0
2026-07-20T01:00,13.9,0.0,97.8,ok,13.5,0.2,3.5,1019.4,0.0
2026-07-20T02:00,13.2,0.0,98.7,ok,13.0,0.2,3.5,1019.4,0.0
2026-07-20T03:00,12.7,0.0,99.0,ok,12.5,0.3,1.8,1019.4,0.0
2026-07-20T04:00,12.3,0.0,99.0,ok,12.1,0.3,1.8,1019.4,0.0
2026-07-20T05:00,12.0,0.0,99.0,ok,11.8,0.4,3.5,1019.7,7.0
2026-07-20T06:00,12.5,0.0,99.0,ok,12.3,0.4,3.5,1019.5,53.3
2026-07-20T07:00,14.4,0.0,94.8,ok,13.6,0.3,3.5,1019.6,116.6
2026-07-20T08:00,16.5,0.0,88.3,ok,14.5,1.7,5.5,1019.4,371.9
2026-07-20T09:00,18.4,0.0,81.2,ok,15.1,0.8,3.5,1019.6,259.7
2026-07-20T10:00,19.5,0.0,78.8,ok,15.7,2.3,9.3,1019.5,341.6
2026-07-20T11:00,21.0,0.0,69.6,ok,15.2,3.7,9.3,1019.0,497.6
2026-07-20T12:00,22.5,0.0,60.0,ok,14.4,3.7,11.1,1018.8,575.4
2026-07-20T13:00,23.2,0.0,58.6,ok,14.6,4.2,13.0,1018.3,676.4
2026-07-20T14:00,23.8,0.0,58.4,ok,15.2,6.4,14.8,1017.9,657.6
2026-07-20T15:00,24.6,0.0,58.8,ok,16.1,4.9,13.0,1017.5,611.0
2026-07-20T16:00,25.4,0.0,58.1,ok,16.5,3.4,14.8,1017.2,516.4
2026-07-20T17:00,25.4,0.0,59.6,ok,17.0,2.9,7.2,1017.0,375.1
2026-07-20T18:00,24.9,0.0,62.4,ok,17.2,1.8,7.2,1017.0,175.0
2026-07-20T19:00,22.8,0.0,69.4,ok,16.9,2.0,9.3,1017.3,45.0
2026-07-20T20:00,20.8,0.0,79.5,ok,17.1,2.2,5.5,1017.6,7.9
2026-07-20T21:00,18.4,0.0,87.9,ok,16.4,2.7,5.5,1018.2,0.0
2026-07-20T22:00,17.1,0.0,91.3,ok,15.7,0.3,3.5,1019.1,0.0
2026-07-20T23:00,16.3,0.0,94.2,ok,15.3,1.1,3.5,1019.4,0.0
2026-07-21T00:00,16.1,0.0,95.0,ok,15.3,0.4,3.5,1019.5,0.0
2026-07-21T01:00,15.7,0.0,96.3,ok,15.1,0.4,3.5,1019.4,0.0
2026-07-21T02:00,15.7,0.0,96.9,ok,15.2,0.4,1.8,1019.5,0.0
2026-07-21T03:00,15.9,0.0,97.0,ok,15.4,0.2,3.5,1019.6,0.0
2026-07-21T04:00,15.9,1.3,98.2,ok,15.7,1.2,5.5,1019.4,0.0
2026-07-21T05:00,15.5,0.0,99.0,ok,15.3,0.4,3.5,1019.1,3.5
2026-07-21T06:00,15.6,0.0,99.0,ok,15.5,0.1,3.5,1019.3,45.2
2026-07-21T07:00,16.3,0.0,99.0,ok,16.2,0.3,3.5,1019.5,134.3
2026-07-21T08:00,18.2,0.0,94.2,ok,17.2,0.9,5.5,1019.4,299.0
2026-07-21T09:00,21.7,0.0,78.2,ok,17.7,1.8,7.2,1019.1,522.1
2026-07-21T10:00,22.9,0.0,69.8,ok,17.1,2.4,14.8,1018.8,634.9
2026-07-21T11:00,22.7,0.0,66.0,ok,16.0,2.7,9.3,1018.8,482.0
2026-07-21T12:00,22.7,0.0,57.5,ok,13.9,2.3,9.3,1018.7,398.2
2026-07-21T13:00,23.7,0.0,57.7,ok,14.8,4.2,13.0,1018.1,693.8
2026-07-21T14:00,23.7,0.0,58.9,ok,15.1,3.1,11.1,1017.7,377.8
2026-07-21T15:00,22.4,0.0,61.8,ok,14.7,1.8,9.3,1017.8,143.4
2026-07-21T16:00,22.2,0.0,62.8,ok,14.7,2.7,11.1,1017.8,195.2
2026-07-21T17:00,21.4,0.0,66.8,ok,14.9,5.0,13.0,1018.3,93.0
2026-07-21T18:00,18.3,1.8,84.8,ok,15.6,1.4,5.5,1019.2,20.9
2026-07-21T19:00,16.2,0.0,97.3,ok,15.8,1.7,7.2,1018.9,28.3
2026-07-21T20:00,15.9,0.0,98.2,ok,15.6,0.3,5.5,1019.1,6.5
2026-07-21T21:00,15.4,0.0,99.0,ok,15.2,0.5,5.5,1019.5,0.0
2026-07-21T22:00,14.7,0.0,99.0,ok,14.5,0.6,5.5,1019.6,0.0
2026-07-21T23:00,14.6,0.0,99.0,ok,14.4,0.2,3.5,1020.0,0.0
2026-07-22T00:00,14.0,0.0,99.0,ok,13.8,0.7,3.5,1020.2,0.0
2026-07-22T01:00,13.0,0.0,99.0,ok,12.9,0.4,3.5,1020.1,0.0
2026-07-22T02:00,12.8,0.0,99.0,ok,12.6,0.0,1.8,1020.1,0.0
2026-07-22T03:00,12.7,0.0,99.0,ok,12.5,0.6,3.5,1020.1,0.0
2026-07-22T04:00,12.4,0.0,99.0,ok,12.2,1.0,3.5,1020.3,0.0
2026-07-22T05:00,11.9,0.0,99.0,ok,11.8,0.9,3.5,1020.6,2.8
2026-07-22T06:00,11.9,0.0,99.0,ok,11.8,0.3,3.5,1020.7,30.8
2026-07-22T07:00,12.2,0.0,99.0,ok,12.1,0.2,3.5,1020.8,102.1
2026-07-22T08:00,14.2,0.0,96.8,ok,13.7,0.8,5.5,1020.6,345.6
2026-07-22T09:00,18.2,0.0,83.2,ok,15.3,2.2,7.2,1020.4,547.4
2026-07-22T10:00,20.8,0.0,71.1,ok,15.3,2.5,9.3,1019.9,594.9
2026-07-22T11:00,22.2,0.0,57.5,ok,13.4,3.5,9.3,1019.6,683.6
2026-07-22T12:00,22.8,0.0,51.1,ok,12.1,3.5,11.1,1019.3,773.9
2026-07-22T13:00,22.9,0.0,49.9,ok,11.8,3.5,11.1,1019.1,494.4
2026-07-22T14:00,23.1,0.0,48.7,ok,11.7,2.9,11.1,1018.8,523.6
2026-07-22T15:00,24.8,0.0,45.4,ok,12.2,3.8,11.1,1018.3,715.1
2026-07-22T16:00,24.7,0.0,44.4,ok,11.7,3.1,9.3,1017.8,571.6
2026-07-22T17:00,24.8,0.0,43.2,ok,11.4,4.3,11.1,1017.2,393.7
2026-07-22T18:00,24.1,0.0,45.8,ok,11.7,2.8,9.3,1017.1,167.1
2026-07-22T19:00,21.6,0.0,55.2,ok,12.2,2.4,7.2,1017.2,41.4
2026-07-22T20:00,18.3,0.0,69.8,ok,12.6,3.7,7.2,1017.5,9.2
2026-07-22T21:00,15.8,0.0,79.9,ok,12.4,1.2,5.5,1017.9,0.0
2026-07-22T22:00,13.8,0.0,86.9,ok,11.7,2.3,5.5,1018.1,0.0
2026-07-22T23:00,12.9,0.0,89.9,ok,11.3,0.9,3.5,1018.2,0.0
2026-07-23T00:00,12.0,0.0,93.0,ok,10.8,1.6,3.5,1018.0,0.0
2026-07-23T01:00,11.7,0.0,94.0,ok,10.8,1.8,3.5,1017.8,0.0
2026-07-23T02:00,11.9,0.0,94.3,ok,11.0,1.1,3.5,1017.4,0.0
2026-07-23T03:00,12.0,0.0,94.8,ok,11.2,0.9,5.5,1016.9,0.0
2026-07-23T04:00,11.7,0.0,95.6,ok,11.0,1.1,3.5,1016.5,0.0
2026-07-23T05:00,11.7,0.0,96.1,ok,11.1,0.2,1.8,1015.9,1.4
2026-07-23T06:00,12.5,0.0,94.1,ok,11.6,0.8,5.5,1015.5,37.2
2026-07-23T07:00,14.0,0.0,90.5,ok,12.5,0.4,3.5,1015.6,74.8
2026-07-23T08:00,15.2,0.0,86.8,ok,13.0,0.7,5.5,1015.5,136.0
2026-07-23T09:00,18.2,0.0,75.5,ok,13.8,1.0,5.5,1015.4,400.9
2026-07-23T10:00,21.6,0.0,61.5,ok,13.9,3.3,11.1,1015.1,530.2
2026-07-23T11:00,23.5,0.0,56.8,ok,14.4,2.7,9.3,1014.9,566.4
2026-07-23T12:00,24.3,0.0,55.3,ok,14.7,3.4,11.1,1014.5,663.5
2026-07-23T13:00,24.0,0.0,55.5,ok,14.5,3.2,13.0,1014.0,360.8
2026-07-23T14:00,23.6,0.0,58.5,ok,15.0,6.5,20.1,1013.7,711.9
2026-07-23T15:00,22.8,0.0,59.1,ok,14.4,5.6,18.3,1013.7,300.6
2026-07-23T16:00,21.7,0.0,68.3,ok,15.6,3.8,11.1,1013.9,349.3
2026-07-23T17:00,21.3,0.0,70.0,ok,15.5,3.3,9.3,1014.0,311.2
2026-07-23T18:00,21.1,0.0,70.6,ok,15.5,1.4,5.5,1013.8,153.8
2026-07-23T19:00,18.7,0.0,86.2,ok,16.3,2.3,5.5,1013.9,45.6
2026-07-23T20:00,17.3,0.0,91.9,ok,15.9,0.6,3.5,1014.2,8.6
2026-07-23T21:00,15.1,0.0,95.2,ok,14.4,0.7,3.5,1015.1,0.0
2026-07-23T22:00,13.8,0.0,96.1,ok,13.2,0.8,3.5,1015.6,0.0
2026-07-23T23:00,13.6,0.0,97.0,ok,13.2,1.2,5.5,1016.1,0.0
2026-07-24T00:00,13.8,0.0,97.5,ok,13.4,0.5,3.5,1016.7,0.0
2026-07-24T01:00,13.5,0.0,98.3,ok,13.2,0.1,1.8,1017.0,0.0
2026-07-24T02:00,13.0,0.0,99.0,ok,12.8,0.3,1.8,1016.9,0.0
2026-07-24T03:00,12.5,0.0,99.0,ok,12.3,0.4,3.5,1017.0,0.0
2026-07-24T04:00,12.2,0.0,99.0,ok,12.0,0.5,3.5,1017.1,0.0
2026-07-24T05:00,12.1,0.0,99.0,ok,11.9,0.1,1.8,1017.4,3.6
2026-07-24T06:00,12.0,0.0,99.0,ok,11.8,0.2,3.5,1017.5,35.4
2026-07-24T07:00,12.6,0.0,98.1,ok,12.2,0.6,5.5,1017.6,56.0
2026-07-24T08:00,15.6,0.0,86.2,ok,13.3,0.7,3.5,1017.5,218.2
2026-07-24T09:00,19.2,0.0,68.9,ok,13.3,2.1,7.2,1017.4,556.8
2026-07-24T10:00,21.1,0.0,50.8,ok,10.4,4.2,13.0,1017.1,601.2
2026-07-24T11:00,22.0,0.0,40.8,ok,8.1,8.3,23.8,1016.8,768.2
2026-07-24T12:00,22.4,0.0,43.6,ok,9.4,5.1,16.6,1016.4,818.0
2026-07-24T13:00,23.8,0.0,43.0,ok,10.5,5.0,14.8,1016.2,773.7
2026-07-24T14:00,23.5,0.0,42.2,ok,10.0,4.0,13.0,1015.8,577.4
2026-07-24T15:00,23.3,0.0,41.7,ok,9.6,3.0,9.3,1015.5,442.8
2026-07-24T16:00,24.6,0.0,40.5,ok,10.3,3.1,16.6,1015.4,573.2
2026-07-24T17:00,24.8,0.0,39.3,ok,10.0,2.7,11.1,1015.2,384.9
2026-07-24T18:00,23.8,0.0,41.8,ok,10.1,2.8,9.3,1015.0,166.7
2026-07-24T19:00,21.6,0.0,47.1,ok,9.8,2.1,7.2,1015.2,32.9
2026-07-24T20:00,18.3,0.0,60.9,ok,10.5,3.6,7.2,1015.6,7.8
2026-07-24T21:00,15.0,0.0,74.7,ok,10.5,1.9,5.5,1016.3,0.0
2026-07-24T22:00,12.8,0.0,82.9,ok,10.0,2.6,5.5,1016.6,0.0
2026-07-24T23:00,12.1,0.0,85.4,ok,9.7,2.1,5.5,1017.0,0.0
2026-07-25T00:00,10.6,0.0,90.8,ok,9.2,2.4,5.5,1017.1,0.0
2026-07-25T01:00,9.8,0.0,93.1,ok,8.8,2.8,5.5,1016.7,0.0
2026-07-25T02:00,9.6,0.0,94.2,ok,8.7,2.4,5.5,1016.3,0.0
2026-07-25T03:00,9.3,0.0,95.7,ok,8.6,1.9,5.5,1015.9,0.0
2026-07-25T04:00,9.0,0.0,96.1,ok,8.4,1.1,3.5,1015.6,0.0
2026-07-25T05:00,8.5,0.0,97.0,ok,8.1,1.9,3.5,1015.6,3.1
2026-07-25T06:00,8.8,0.0,97.1,ok,8.4,1.3,3.5,1015.5,30.9
2026-07-25T07:00,11.9,0.0,90.3,ok,10.4,0.4,3.5,1015.2,73.6
2026-07-25T08:00,15.9,0.0,76.4,ok,11.8,0.7,3.5,1014.7,311.9
2026-07-25T09:00,20.1,0.0,63.8,ok,13.0,1.3,3.5,1014.2,505.9
2026-07-25T10:00,22.4,0.0,62.9,ok,15.0,2.7,13.0,1013.6,538.7
2026-07-25T11:00,24.1,0.0,59.8,ok,15.8,5.4,21.9,1013.0,632.3
2026-07-25T12:00,25.2,0.0,58.2,ok,16.4,6.1,18.3,1012.7,678.7
2026-07-25T13:00,26.4,0.0,55.1,ok,16.7,6.2,21.9,1011.9,691.4
2026-07-25T14:00,27.2,0.0,52.6,ok,16.7,5.1,20.1,1011.5,672.3
2026-07-25T15:00,27.6,0.0,50.2,ok,16.3,5.5,16.6,1011.1,614.6
2026-07-25T16:00,27.7,0.0,51.6,ok,16.8,4.9,14.8,1010.8,509.7
2026-07-25T17:00,27.1,0.0,53.6,ok,16.9,5.5,20.1,1010.4,370.8
2026-07-25T18:00,25.9,0.0,55.8,ok,16.4,4.6,14.8,1010.0,159.0
2026-07-25T19:00,24.4,0.0,59.6,ok,16.1,4.0,20.1,1009.8,38.9
2026-07-25T20:00,23.4,0.0,63.0,ok,15.9,3.8,14.8,1009.8,7.6
2026-07-25T21:00,22.5,0.0,66.7,ok,16.0,3.4,14.8,1010.1,0.0
2026-07-25T22:00,21.8,0.0,69.7,ok,16.0,3.7,27.7,1010.2,0.0
2026-07-25T23:00,21.2,0.0,71.8,ok,16.0,4.1,25.6,1010.1,0.0
2026-07-26T00:00,20.9,0.0,73.2,ok,16.0,4.5,21.9,1010.0,0.0
2026-07-26T01:00,20.7,0.0,73.2,ok,15.8,5.0,18.3,1009.8,0.0
2026-07-26T02:00,20.6,0.0,73.4,ok,15.6,6.0,27.7,1009.8,0.0
2026-07-26T03:00,20.3,0.0,74.0,ok,15.5,4.7,20.1,1009.6,0.0
2026-07-26T04:00,20.2,0.0,74.3,ok,15.5,4.0,14.8,1009.2,0.0
2026-07-26T05:00,20.1,0.0,74.1,ok,15.3,3.0,13.0,1009.0,3.5
2026-07-26T06:00,18.6,0.0,79.8,ok,15.0,3.6,11.1,1008.7,48.9
2026-07-26T07:00,20.5,0.0,75.2,ok,15.9,1.7,7.2,1008.9,107.8
2026-07-26T08:00,22.2,0.0,63.6,ok,15.0,3.1,14.8,1009.2,153.9
2026-07-26T09:00,23.4,0.0,59.2,ok,15.0,5.2,20.1,1009.6,360.1
2026-07-26T10:00,23.3,0.0,58.3,ok,14.7,5.4,25.6,1009.3,238.7
2026-07-26T11:00,24.9,0.0,58.2,ok,16.2,5.2,16.6,1009.0,358.3
2026-07-26T12:00,24.7,0.0,63.0,ok,17.2,5.5,21.9,1009.1,269.7
2026-07-26T13:00,26.4,0.0,62.9,ok,18.7,8.4,23.8,1008.8,719.6
2026-07-26T14:00,27.5,0.0,59.0,ok,18.8,7.4,29.5,1008.2,708.2
2026-07-26T15:00,26.4,0.0,59.0,ok,17.7,5.6,20.1,1008.0,433.7
2026-07-26T16:00,26.5,0.0,56.9,ok,17.2,4.8,13.0,1007.9,331.1
2026-07-26T17:00,25.9,0.0,56.8,ok,16.7,5.4,25.6,1007.8,168.9
2026-07-26T18:00,25.2,0.0,62.0,ok,17.3,5.2,18.3,1008.1,84.8
2026-07-26T19:00,24.2,0.0,64.8,ok,17.2,5.8,18.3,1008.3,23.9
2026-07-26T20:00,23.3,0.0,69.7,ok,17.4,3.0,14.8,1008.8,0.7
2026-07-26T21:00,22.3,0.0,71.4,ok,16.9,2.2,9.3,1009.1,0.0
2026-07-26T22:00,21.6,0.0,74.2,ok,16.8,1.1,5.5,1009.4,0.0
2026-07-26T23:00,19.1,0.0,84.4,ok,16.4,0.5,3.5,1009.5,0.0
2026-07-27T00:00,16.9,0.0,91.3,ok,15.5,1.7,5.5,1009.5,0.0
2026-07-27T01:00,16.1,0.0,93.3,ok,15.1,1.0,3.5,1009.8,0.0
2026-07-27T02:00,16.0,0.0,93.9,ok,15.0,0.4,3.5,1010.0,0.0
2026-07-27T03:00,15.6,0.0,94.8,ok,14.8,1.0,3.5,1010.1,0.0
2026-07-27T04:00,15.1,0.0,95.8,ok,14.4,1.1,5.5,1010.6,0.0
2026-07-27T05:00,14.4,0.0,97.0,ok,13.9,0.5,1.8,1011.2,2.5
2026-07-27T06:00,14.2,0.0,97.8,ok,13.8,0.3,3.5,1011.7,32.8
2026-07-27T07:00,15.7,0.0,95.3,ok,14.9,0.5,3.5,1012.2,64.8
2026-07-27T08:00,18.9,0.0,85.0,ok,16.3,1.2,5.5,1012.6,302.6
2026-07-27T09:00,22.2,0.0,74.0,ok,17.3,1.8,5.5,1012.6,487.1
2026-07-27T10:00,24.9,0.0,65.2,ok,17.9,1.8,7.2,1012.7,468.0
2026-07-27T11:00,27.6,0.0,56.6,ok,18.2,2.1,7.2,1012.8,599.1
2026-07-27T12:00,28.0,0.0,51.2,ok,16.9,2.4,7.2,1012.8,461.6
2026-07-27T13:00,29.5,0.0,46.0,ok,16.6,4.3,11.1,1012.8,563.5
2026-07-27T14:00,29.4,0.0,44.6,ok,16.1,1.7,5.5,1012.9,459.1
2026-07-27T15:00,30.2,0.0,42.1,ok,15.8,1.8,11.1,1012.8,374.2
2026-07-27T16:00,30.7,0.0,41.6,ok,16.1,1.9,7.2,1012.8,453.8
2026-07-27T17:00,30.1,0.0,44.3,ok,16.6,3.0,13.0,1012.8,315.7
2026-07-27T18:00,29.4,0.0,48.1,ok,17.3,5.9,14.8,1013.2,184.1
2026-07-27T19:00,26.1,0.0,59.1,ok,17.4,4.0,11.1,1014.5,25.2
2026-07-27T20:00,24.5,0.0,64.8,ok,17.4,1.2,7.2,1015.8,1.8
2026-07-27T21:00,23.0,0.0,72.0,ok,17.7,1.4,5.5,1017.1,0.0
2026-07-27T22:00,21.9,0.0,77.4,ok,17.8,1.7,5.5,1017.9,0.0
2026-07-27T23:00,19.6,0.0,85.1,ok,17.0,1.3,5.5,1018.5,0.0
2026-07-28T00:00,19.0,0.0,88.0,ok,16.9,1.0,3.5,1019.4,0.0
2026-07-28T01:00,18.9,0.0,89.3,ok,17.2,0.6,1.8,1019.7,0.0
2026-07-28T02:00,18.6,0.0,90.9,ok,17.1,0.4,3.5,1020.1,0.0
2026-07-28T03:00,18.4,0.0,92.4,ok,17.2,0.6,3.5,1020.9,0.0
2026-07-28T04:00,18.1,0.0,93.2,ok,16.9,0.8,3.5,1021.2,0.0
2026-07-28T05:00,17.8,0.0,94.0,ok,16.8,0.7,3.5,1021.6,0.6
2026-07-28T06:00,17.9,0.0,94.0,ok,16.9,0.6,3.5,1022.0,34.9
2026-07-28T07:00,18.8,0.0,91.9,ok,17.4,1.3,5.5,1022.4,81.4
2026-07-28T08:00,21.6,0.0,81.2,ok,18.2,1.2,5.5,1022.5,297.5
2026-07-28T09:00,24.1,0.0,64.4,ok,16.9,2.2,7.2,1022.5,505.8
2026-07-28T10:00,25.6,0.0,56.4,ok,16.2,2.3,7.2,1022.6,535.0
2026-07-28T11:00,26.8,0.0,51.5,ok,15.9,3.6,14.8,1022.4,533.3
2026-07-28T12:00,27.7,0.0,49.9,ok,16.3,3.4,9.3,1022.2,675.8
2026-07-28T13:00,28.8,0.0,48.2,ok,16.8,4.1,16.6,1021.7,713.9
2026-07-28T14:00,29.9,0.0,46.4,ok,17.1,4.3,13.0,1021.2,675.7
2026-07-28T15:00,30.1,0.0,46.1,ok,17.3,6.3,16.6,1020.9,620.7
2026-07-28T16:00,30.4,0.0,45.5,ok,17.4,5.8,16.6,1020.4,507.2
2026-07-28T17:00,30.5,0.0,45.1,ok,17.3,5.0,14.8,1020.2,364.3
2026-07-28T18:00,29.6,0.0,47.5,ok,17.2,2.7,7.2,1019.8,155.7
2026-07-28T19:00,27.4,0.0,54.9,ok,17.5,3.1,13.0,1019.8,36.3
2026-07-28T20:00,23.4,0.0,69.6,ok,17.5,4.1,7.2,1019.9,6.8
2026-07-28T21:00,21.3,0.0,76.3,ok,17.0,2.4,7.2,1020.7,0.0
2026-07-28T22:00,19.6,0.0,82.5,ok,16.5,2.6,7.2,1021.3,0.0
2026-07-28T23:00,18.3,0.0,87.5,ok,16.2,1.9,7.2,1021.7,0.0
2026-07-29T00:00,17.3,0.0,90.5,ok,15.7,1.7,5.5,1021.8,0.0
2026-07-29T01:00,16.5,0.0,92.5,ok,15.3,1.6,3.5,1021.9,0.0
2026-07-29T02:00,16.0,0.0,93.7,ok,15.0,1.3,5.5,1021.9,0.0
2026-07-29T03:00,15.2,0.0,95.2,ok,14.4,1.6,3.5,1021.8,0.0
2026-07-29T04:00,14.8,0.0,96.1,ok,14.2,1.0,3.5,1021.7,0.0
2026-07-29T05:00,14.4,0.0,97.0,ok,14.0,1.2,3.5,1021.6,2.4
2026-07-29T06:00,14.5,0.0,97.0,ok,14.0,0.8,3.5,1021.9,24.6
2026-07-29T07:00,17.0,0.0,92.4,ok,15.7,0.2,3.5,1021.9,51.8
2026-07-29T08:00,20.6,0.0,81.5,ok,17.3,0.7,5.5,1021.8,315.3
2026-07-29T09:00,24.7,0.0,68.6,ok,18.5,1.6,5.5,1021.7,470.4
2026-07-29T10:00,27.6,0.0,58.1,ok,18.7,2.6,11.1,1021.6,532.5
2026-07-29T11:00,29.8,0.0,52.7,ok,19.1,2.3,18.3,1021.3,531.6
2026-07-29T12:00,31.3,0.0,46.8,ok,18.6,6.0,16.6,1020.9,672.0
2026-07-29T13:00,32.5,0.0,40.9,ok,17.6,6.8,14.8,1020.5,639.6
2026-07-29T14:00,33.8,0.0,36.1,ok,16.6,3.7,9.3,1019.9,622.3
2026-07-29T15:00,34.1,0.0,36.2,ok,17.0,4.9,14.8,1019.4,605.9
2026-07-29T16:00,33.8,0.0,39.4,ok,18.1,7.6,14.8,1019.0,494.9
2026-07-29T17:00,33.6,0.0,41.4,ok,18.6,6.2,13.0,1018.8,354.1
2026-07-29T18:00,32.7,0.0,44.0,ok,18.8,4.8,9.3,1018.5,157.7
2026-07-29T19:00,30.0,0.0,52.2,ok,19.1,2.6,7.2,1018.4,37.6
2026-07-29T20:00,26.5,0.0,63.2,ok,18.9,2.5,7.2,1019.1,4.6
2026-07-29T21:00,23.1,0.0,75.4,ok,18.5,2.6,5.5,1019.9,0.0
2026-07-29T22:00,21.8,0.0,79.8,ok,18.2,1.4,5.5,1020.3,0.0
2026-07-29T23:00,20.5,0.0,83.6,ok,17.6,1.8,5.5,1020.6,0.0
2026-07-30T00:00,19.1,0.0,87.7,ok,17.0,1.8,5.5,1020.8,0.0
2026-07-30T01:00,18.1,0.0,90.8,ok,16.5,0.8,3.5,1020.7,0.0
2026-07-30T02:00,17.5,0.0,92.3,ok,16.2,1.4,3.5,1020.4,0.0
2026-07-30T03:00,16.7,0.0,94.0,ok,15.7,2.0,5.5,1020.2,0.0
2026-07-30T04:00,16.3,0.0,95.1,ok,15.5,0.9,3.5,1020.0,0.0
2026-07-30T05:00,15.7,0.0,95.8,ok,15.1,1.6,5.5,1020.0,2.2
2026-07-30T06:00,16.0,0.0,95.2,ok,15.2,0.6,3.5,1020.3,29.3
2026-07-30T07:00,18.1,0.0,90.0,ok,16.4,0.4,3.5,1020.5,56.4
2026-07-30T08:00,22.2,0.0,76.8,ok,17.9,0.4,3.5,1020.4,301.7
2026-07-30T09:00,26.1,0.0,64.1,ok,18.8,1.1,5.5,1020.4,504.1
2026-07-30T10:00,29.4,0.0,53.5,ok,18.9,1.8,7.2,1020.3,430.3
2026-07-30T11:00,31.2,0.0,46.2,ok,18.3,3.8,11.1,1019.9,600.9
2026-07-30T12:00,32.5,0.0,42.8,ok,18.2,5.7,14.8,1019.5,671.4
2026-07-30T13:00,33.6,0.0,41.1,ok,18.5,5.6,13.0,1019.0,684.3
2026-07-30T14:00,34.7,0.0,38.3,ok,18.4,3.7,14.8,1018.3,662.7
2026-07-30T15:00,35.2,0.0,37.2,ok,18.3,5.0,11.1,1017.9,599.3
2026-07-30T16:00,35.8,0.0,36.0,ok,18.4,2.2,7.2,1017.5,486.4
2026-07-30T17:00,35.4,0.0,37.1,ok,18.5,3.2,9.3,1017.2,344.0
2026-07-30T18:00,33.9,0.0,39.9,ok,18.4,2.3,11.1,1017.1,147.6
2026-07-30T19:00,31.1,0.0,47.7,ok,18.6,3.0,7.2,1017.3,39.4
2026-07-30T20:00,28.3,0.0,56.2,ok,18.7,3.1,7.2,1017.5,5.9
2026-07-30T21:00,25.0,0.0,68.2,ok,18.7,1.9,5.5,1018.1,0.0
2026-07-30T22:00,22.0,0.0,79.6,ok,18.3,2.7,5.5,1018.5,0.0
2026-07-30T23:00,20.7,0.0,83.8,ok,17.8,2.1,5.5,1018.8,0.0
2026-07-31T00:00,19.9,0.0,86.3,ok,17.5,1.7,5.5,1019.0,0.0
2026-07-31T01:00,18.8,0.0,89.9,ok,17.1,1.5,3.5,1018.8,0.0
2026-07-31T02:00,18.1,0.0,92.1,ok,16.8,1.5,3.5,1018.7,0.0
2026-07-31T03:00,17.3,0.0,93.8,ok,16.3,2.0,5.5,1018.5,0.0
2026-07-31T04:00,17.0,0.0,94.4,ok,16.1,2.0,3.5,1018.5,0.0
2026-07-31T05:00,16.3,0.0,95.5,ok,15.7,1.4,3.5,1018.5,2.2
2026-07-31T06:00,16.6,0.0,95.6,ok,15.9,1.4,5.5,1018.7,30.7
2026-07-31T07:00,19.0,0.0,89.6,ok,17.2,1.6,5.5,1018.7,62.6
2026-07-31T08:00,23.3,0.0,75.3,ok,18.7,0.4,3.5,1018.6,279.9
2026-07-31T09:00,27.6,0.0,62.8,ok,19.8,0.8,3.5,1018.4,435.2
2026-07-31T10:00,30.3,0.0,51.8,ok,19.2,2.7,9.3,1018.1,576.6
2026-07-31T11:00,32.2,0.0,46.7,ok,19.3,3.6,9.3,1017.6,620.3
2026-07-31T12:00,33.5,0.0,42.4,ok,18.9,5.7,16.6,1017.0,654.1
2026-07-31T13:00,34.6,0.0,41.2,ok,19.5,4.6,14.8,1016.4,666.2
2026-07-31T14:00,36.2,0.0,37.7,ok,19.4,3.1,11.1,1015.7,649.8
2026-07-31T15:00,36.6,0.0,35.2,ok,18.8,3.3,11.1,1015.0,579.6
2026-07-31T16:00,36.4,0.0,34.9,ok,18.4,3.0,9.3,1014.6,447.6
2026-07-31T17:00,35.2,0.0,36.3,ok,18.0,2.6,9.3,1014.6,210.7
2026-07-31T18:00,32.6,0.0,44.0,ok,18.7,1.9,9.3,1014.7,79.8
2026-07-31T19:00,30.6,0.0,46.8,ok,17.8,2.9,11.1,1015.0,36.6
2026-07-31T20:00,27.2,0.0,58.5,ok,18.3,1.0,5.5,1015.2,5.5
2026-07-31T21:00,24.0,0.0,71.4,ok,18.4,1.1,5.5,1015.7,0.0
2026-07-31T22:00,22.4,0.0,76.6,ok,18.0,1.3,3.5,1016.1,0.0
2026-07-31T23:00,21.0,0.0,80.9,ok,17.6,2.0,3.5,1016.1,0.0
2026-08-01T00:00,19.9,0.0,84.5,ok,17.2,1.0,5.5,1016.3,0.0
2026-08-01T01:00,18.6,0.0,89.1,ok,16.8,1.9,5.5,1016.2,0.0
2026-08-01T02:00,17.8,0.0,91.6,ok,16.4,2.0,5.5,1016.1,0.0
2026-08-01T03:00,17.5,0.0,92.8,ok,16.3,1.4,3.5,1016.0,0.0
2026-08-01T04:00,16.9,0.0,94.6,ok,16.0,1.5,3.5,1015.9,0.0
2026-08-01T05:00,16.4,0.0,94.9,ok,15.6,1.0,5.5,1015.7,1.9
2026-08-01T06:00,16.3,0.0,95.8,ok,15.6,1.1,3.5,1015.8,34.9
2026-08-01T07:00,18.9,0.0,89.1,ok,17.0,0.8,3.5,1015.6,81.4
2026-08-01T08:00,22.2,0.0,77.7,ok,18.1,0.4,3.5,1015.5,251.9
2026-08-01T09:00,26.3,0.0,64.3,ok,19.0,1.3,5.5,1015.4,460.1
2026-08-01T10:00,29.8,0.0,54.2,ok,19.5,2.1,7.2,1014.8,497.4
2026-08-01T11:00,32.7,0.0,43.4,ok,18.6,2.3,7.2,1014.5,609.1
2026-08-01T12:00,33.6,0.0,40.2,ok,18.2,3.0,11.1,1014.1,694.5
2026-08-01T13:00,34.1,0.0,38.9,ok,18.2,3.6,11.1,1013.6,620.4
2026-08-01T14:00,33.8,0.0,39.2,ok,17.9,3.3,11.1,1013.3,353.5
2026-08-01T15:00,35.8,0.0,35.2,ok,18.0,5.0,20.1,1012.9,726.8
2026-08-01T16:00,35.6,0.0,35.2,ok,17.8,5.6,20.1,1012.4,518.7
2026-08-01T17:00,35.5,0.0,35.8,ok,18.0,2.7,13.0,1012.2,299.8
2026-08-01T18:00,34.2,0.0,38.2,ok,17.8,1.6,9.3,1012.1,115.8
2026-08-01T19:00,29.6,0.0,51.2,ok,18.4,2.5,9.3,1012.4,20.4
2026-08-01T20:00,26.7,0.0,59.9,ok,18.3,2.1,7.2,1013.2,1.7
2026-08-01T21:00,25.4,0.0,66.7,ok,18.8,1.3,3.5,1014.1,0.0
2026-08-01T22:00,24.5,0.0,71.0,ok,18.9,2.5,5.5,1014.6,0.0
2026-08-01T23:00,24.3,0.0,72.5,ok,19.0,1.1,5.5,1015.2,0.0
2026-08-02T00:00,22.7,0.0,78.2,ok,18.7,2.6,7.2,1015.6,0.0
2026-08-02T01:00,21.4,0.0,81.8,ok,18.1,1.9,5.5,1015.7,0.0
2026-08-02T02:00,20.6,0.0,83.4,ok,17.7,1.0,5.5,1015.9,0.0
2026-08-02T03:00,20.2,0.0,85.6,ok,17.7,1.3,5.5,1016.1,0.0
2026-08-02T04:00,19.2,0.0,89.2,ok,17.4,1.7,5.5,1016.3,0.0
2026-08-02T05:00,18.0,0.0,92.2,ok,16.8,1.6,5.5,1016.6,1.7
2026-08-02T06:00,18.0,0.0,93.2,ok,16.9,0.7,3.5,1017.0,33.5
2026-08-02T07:00,20.2,0.0,87.8,ok,18.1,0.5,3.5,1017.2,72.8
2026-08-02T08:00,23.5,0.0,78.1,ok,19.4,0.8,5.5,1017.2,224.9
2026-08-02T09:00,26.3,0.0,67.3,ok,19.7,1.2,7.2,1017.2,489.8
2026-08-02T10:00,28.8,0.0,58.9,ok,19.9,2.9,11.1,1017.0,490.7
2026-08-02T11:00,30.3,0.0,53.5,ok,19.8,4.8,23.8,1016.8,619.1
2026-08-02T12:00,31.8,0.0,50.5,ok,20.2,3.7,11.1,1016.7,661.9
2026-08-02T13:00,33.2,0.0,41.2,ok,18.1,3.4,14.8,1016.4,678.3
2026-08-02T14:00,33.6,0.0,40.3,ok,18.3,4.6,13.0,1015.9,649.7
2026-08-02T15:00,33.9,0.0,42.3,ok,19.3,4.0,16.6,1015.4,581.8
2026-08-02T16:00,34.0,0.0,41.8,ok,19.3,3.0,11.1,1015.1,470.0
2026-08-02T17:00,34.2,0.0,40.5,ok,18.8,2.6,9.3,1014.8,333.5
2026-08-02T18:00,33.2,0.0,41.2,ok,18.2,1.7,7.2,1014.4,138.0
2026-08-02T19:00,31.2,0.0,46.2,ok,18.2,2.3,11.1,1014.4,37.1
2026-08-02T20:00,27.0,0.0,59.2,ok,18.3,3.0,7.2,1014.9,3.7
2026-08-02T21:00,24.0,0.0,69.1,ok,18.0,0.9,5.5,1015.7,0.0
2026-08-02T22:00,21.8,0.0,77.2,ok,17.6,2.6,5.5,1016.3,0.0
2026-08-02T23:00,20.0,0.0,83.2,ok,17.1,2.3,5.5,1016.8,0.0
2026-08-03T00:00,19.0,0.0,86.9,ok,16.7,2.2,5.5,1016.9,0.0
2026-08-03T01:00,18.4,0.0,88.6,ok,16.5,2.0,5.5,1016.7,0.0
2026-08-03T02:00,17.3,0.0,91.4,ok,15.9,2.6,5.5,1016.6,0.0
2026-08-03T03:00,16.8,0.0,92.5,ok,15.6,2.3,5.5,1016.4,0.0
2026-08-03T04:00,16.2,0.0,93.6,ok,15.2,2.3,5.5,1016.4,0.0
2026-08-03T05:00,15.7,0.0,94.7,ok,14.8,1.9,5.5,1016.7,1.7
2026-08-03T06:00,16.1,0.0,94.1,ok,15.1,1.3,3.5,1016.9,28.5
2026-08-03T07:00,18.4,0.0,88.4,ok,16.5,1.2,3.5,1017.0,55.6
2026-08-03T08:00,21.7,0.0,76.8,ok,17.4,0.6,3.5,1017.1,174.6
2026-08-03T09:00,26.6,0.0,61.4,ok,18.5,1.7,5.5,1016.9,494.6
2026-08-03T10:00,29.8,0.0,50.5,ok,18.4,1.8,7.2,1016.9,356.5
2026-08-03T11:00,32.6,0.0,42.2,ok,18.1,2.9,13.0,1016.6,564.8
2026-08-03T12:00,34.0,0.0,36.4,ok,16.9,3.2,9.3,1016.3,660.8
2026-08-03T13:00,35.4,0.0,33.3,ok,16.8,1.9,9.3,1015.9,670.1
2026-08-03T14:00,36.2,0.0,31.3,ok,16.5,3.0,13.0,1015.4,648.8
2026-08-03T15:00,36.9,0.0,29.6,ok,16.2,2.7,13.0,1014.8,594.1
2026-08-03T16:00,36.7,0.0,27.4,ok,14.9,4.5,13.0,1014.2,478.6
2026-08-03T17:00,36.4,0.0,26.6,ok,14.1,4.7,11.1,1013.8,345.0
2026-08-03T18:00,35.4,0.0,28.9,ok,14.5,2.7,9.3,1013.6,137.1
2026-08-03T19:00,31.8,0.0,34.6,ok,14.2,4.0,7.2,1014.0,39.7
2026-08-03T20:00,28.0,0.0,44.8,ok,14.8,2.4,3.5,1014.6,1.1
2026-08-03T21:00,24.4,0.0,56.4,ok,15.1,1.7,5.5,1015.4,0.0
2026-08-03T22:00,23.0,0.0,60.7,ok,14.9,2.6,5.5,1015.6,0.0
2026-08-03T23:00,20.6,0.0,70.2,ok,15.0,2.6,5.5,1015.8,0.0
2026-08-04T00:00,19.6,0.0,74.2,ok,14.9,2.2,5.5,1016.1,0.0
2026-08-04T01:00,18.9,0.0,77.1,ok,14.8,2.3,5.5,1016.0,0.0
2026-08-04T02:00,17.7,0.0,81.8,ok,14.6,1.9,5.5,1015.8,0.0
2026-08-04T03:00,17.1,0.0,84.1,ok,14.4,2.7,5.5,1015.9,0.0
2026-08-04T04:00,16.6,0.0,86.3,ok,14.3,0.9,3.5,1015.8,0.0
2026-08-04T05:00,16.0,0.0,88.9,ok,14.2,2.3,5.5,1016.0,1.5
2026-08-04T06:00,16.2,0.0,90.3,ok,14.5,1.7,3.5,1016.1,26.7
2026-08-04T07:00,19.1,0.0,82.8,ok,16.0,1.9,5.5,1016.2,54.8
2026-08-04T08:00,22.8,0.0,69.4,ok,16.8,0.3,3.5,1016.2,262.7
2026-08-04T09:00,25.2,0.0,60.7,ok,17.0,1.8,3.5,1016.0,402.1
2026-08-04T10:00,30.7,0.0,47.0,ok,18.0,0.5,1.8,1015.8,327.6
2026-08-04T11:00,33.8,0.0,41.7,ok,19.0,1.3,5.5,1015.6,330.4
2026-08-04T12:00,35.6,0.0,31.8,ok,16.2,6.7,13.0,1015.2,138.3
2026-08-04T13:00,36.2,0.0,32.3,ok,17.1,3.3,11.1,1014.9,679.9
2026-08-04T14:00,36.8,0.0,30.4,ok,16.6,8.6,14.8,1014.5,400.6
2026-08-04T15:00,37.2,0.0,27.6,ok,15.4,7.6,16.6,1014.1,594.1
2026-08-04T16:00,37.2,0.0,25.9,ok,14.4,11.4,25.6,1013.6,448.3
2026-08-04T17:00,36.9,0.0,27.5,ok,15.1,7.2,14.8,1013.5,341.1
2026-08-04T18:00,35.4,0.0,32.8,ok,16.6,4.2,11.1,1013.3,159.7
2026-08-04T19:00,33.5,0.0,35.2,ok,16.0,2.3,11.1,1013.7,36.1
2026-08-04T20:00,29.8,0.0,45.0,ok,16.5,0.2,1.8,1014.0,4.4
2026-08-04T21:00,26.6,0.0,54.4,ok,16.7,0.6,5.5,1014.8,0.0
2026-08-04T22:00,24.5,0.0,61.9,ok,16.7,1.0,3.5,1015.4,0.0
2026-08-04T23:00,21.5,0.0,73.7,ok,16.6,2.1,5.5,1015.5,0.0
2026-08-05T00:00,19.9,0.0,79.4,ok,16.2,2.7,5.5,1015.5,0.0
2026-08-05T01:00,19.3,0.0,80.8,ok,15.9,1.6,5.5,1015.6,0.0
2026-08-05T02:00,18.4,0.0,83.8,ok,15.6,2.1,5.5,1015.6,0.0
2026-08-05T03:00,17.6,0.0,86.4,ok,15.3,1.8,5.5,1015.6,0.0
2026-08-05T04:00,17.2,0.0,87.7,ok,15.1,2.4,5.5,1015.5,0.0
2026-08-05T05:00,16.9,0.0,88.9,ok,15.0,1.7,3.5,1015.7,1.4
2026-08-05T06:00,16.9,0.0,89.4,ok,15.2,1.2,5.5,1015.9,27.4
2026-08-05T07:00,19.6,0.0,80.2,ok,16.1,0.0,0.0,1016.1,60.8
2026-08-05T08:00,23.6,0.0,67.9,ok,17.2,0.5,3.5,1016.2,253.2
2026-08-05T09:00,28.4,0.0,54.8,ok,18.4,1.1,5.5,1016.1,407.5
2026-08-05T10:00,31.3,0.0,46.4,ok,18.3,1.9,7.2,1015.9,392.8
2026-08-05T11:00,33.6,0.0,42.2,ok,18.9,3.5,9.3,1015.7,538.3
2026-08-05T12:00,35.0,0.0,40.5,ok,19.5,3.1,11.1,1015.4,652.6
2026-08-05T13:00,36.1,0.0,38.0,ok,19.6,3.0,11.1,1015.1,629.0
2026-08-05T14:00,36.7,0.0,35.8,ok,19.1,3.7,14.8,1014.5,647.2
2026-08-05T15:00,37.3,0.0,34.6,ok,19.1,3.4,14.8,1014.1,578.9
2026-08-05T16:00,36.4,0.0,33.9,ok,18.0,3.8,13.0,1014.1,347.8
2026-08-05T17:00,35.8,0.0,37.2,ok,18.9,3.7,18.3,1013.9,319.9
2026-08-05T18:00,33.6,0.0,45.3,ok,20.1,0.9,7.2,1014.0,83.7
2026-08-05T19:00,30.1,0.0,58.2,ok,20.9,1.4,5.5,1014.6,27.3
2026-08-05T20:00,26.6,0.0,67.1,ok,20.0,1.5,5.5,1015.2,1.9
2026-08-05T21:00,24.3,0.0,73.1,ok,19.2,1.8,5.5,1016.2,0.0
2026-08-05T22:00,22.8,0.0,78.0,ok,18.7,0.9,3.5,1016.7,0.0
2026-08-05T23:00,20.8,0.0,85.7,ok,18.3,1.6,3.5,1016.8,0.0
2026-08-06T00:00,19.9,0.0,87.4,ok,17.8,2.1,3.5,1016.9,0.0
2026-08-06T01:00,18.9,0.0,90.3,ok,17.2,2.8,5.5,1016.7,0.0
2026-08-06T02:00,18.6,0.0,90.5,ok,17.0,2.3,5.5,1016.4,0.0
2026-08-06T03:00,17.7,0.0,91.4,ok,16.2,2.2,5.5,1016.4,0.0
2026-08-06T04:00,17.6,0.0,90.5,ok,16.0,1.2,3.5,1016.6,0.0
2026-08-06T05:00,16.7,0.0,92.7,ok,15.5,1.5,5.5,1016.9,1.1
2026-08-06T06:00,16.8,0.0,92.7,ok,15.7,1.9,3.5,1017.0,28.2
2026-08-06T07:00,19.5,0.0,86.4,ok,17.1,0.4,1.8,1016.9,68.5
2026-08-06T08:00,23.2,0.0,73.4,ok,18.1,0.4,3.5,1017.0,229.9
2026-08-06T09:00,27.3,0.0,61.3,ok,19.1,0.9,5.5,1017.0,404.7
2026-08-06T10:00,31.1,0.0,48.6,ok,19.0,1.6,7.2,1016.8,328.8
2026-08-06T11:00,33.3,0.0,38.0,ok,17.1,4.2,11.1,1016.6,603.7
2026-08-06T12:00,35.2,0.0,29.9,ok,15.0,2.9,9.3,1016.3,649.4
2026-08-06T13:00,35.5,0.0,28.3,ok,14.3,4.3,11.1,1015.8,644.9
2026-08-06T14:00,36.1,0.0,25.0,ok,13.0,3.5,13.0,1015.2,631.3
2026-08-06T15:00,36.6,0.0,25.9,ok,13.8,3.7,16.6,1014.5,562.1
2026-08-06T16:00,36.7,0.0,26.8,ok,14.5,4.6,18.3,1014.0,454.6
2026-08-06T17:00,36.2,0.0,28.1,ok,14.7,2.7,13.0,1014.0,326.4
2026-08-06T18:00,34.5,0.0,29.1,ok,13.9,1.8,7.2,1013.9,102.1
2026-08-06T19:00,29.1,0.0,43.8,ok,15.5,3.3,5.5,1014.1,21.4
2026-08-06T20:00,25.6,0.0,54.1,ok,15.6,1.8,5.5,1014.7,2.0
2026-08-06T21:00,23.8,0.0,59.4,ok,15.4,2.8,5.5,1015.7,0.0
2026-08-06T22:00,22.3,0.0,65.1,ok,15.4,2.5,9.3,1015.8,0.0
2026-08-06T23:00,21.3,0.0,69.5,ok,15.5,1.9,5.5,1015.9,0.0
2026-08-07T00:00,20.4,0.0,73.9,ok,15.6,2.1,5.5,1016.1,0.0
2026-08-07T01:00,20.1,0.0,75.8,ok,15.7,1.3,5.5,1016.6,0.0
2026-08-07T02:00,19.3,0.0,78.9,ok,15.5,1.4,7.2,1016.9,0.0
2026-08-07T03:00,18.3,0.0,83.5,ok,15.4,1.4,5.5,1017.0,0.0
2026-08-07T04:00,17.7,0.0,86.0,ok,15.3,0.5,3.5,1016.9,0.0
2026-08-07T05:00,17.3,0.0,87.8,ok,15.2,1.1,3.5,1017.0,1.1
2026-08-07T06:00,17.4,0.0,88.2,ok,15.5,0.8,3.5,1017.4,30.1
2026-08-07T07:00,19.2,0.0,81.7,ok,16.0,0.2,1.8,1017.7,82.3
2026-08-07T08:00,23.0,0.0,71.8,ok,17.6,0.3,3.5,1017.7,231.0
2026-08-07T09:00,26.4,0.0,61.2,ok,18.2,2.5,9.3,1017.4,420.2
2026-08-07T10:00,28.3,0.0,56.4,ok,18.7,2.0,14.8,1017.4,330.1
2026-08-07T11:00,28.8,0.0,53.3,ok,18.4,3.1,13.0,1017.4,246.7
2026-08-07T12:00,28.8,0.0,53.8,ok,18.4,2.2,9.3,1017.3,238.3
2026-08-07T13:00,29.6,0.0,52.2,ok,18.7,3.1,13.0,1016.9,261.4
2026-08-07T14:00,28.8,0.0,56.7,ok,19.4,3.1,11.1,1016.9,248.4
2026-08-07T15:00,31.0,0.0,51.2,ok,19.8,3.5,11.1,1016.3,575.5
2026-08-07T16:00,31.5,0.0,48.7,ok,19.3,3.9,16.6,1015.8,485.4
2026-08-07T17:00,30.6,0.0,50.0,ok,18.9,2.7,9.3,1015.6,254.0
2026-08-07T18:00,29.8,0.0,49.7,ok,18.1,1.5,9.3,1015.4,111.0
2026-08-07T19:00,27.6,0.0,58.0,ok,18.5,1.4,5.5,1015.7,35.4
2026-08-07T20:00,25.4,0.0,65.6,ok,18.4,2.6,7.2,1016.2,1.7
2026-08-07T21:00,23.8,0.0,70.1,ok,18.0,2.0,7.2,1017.0,0.0
2026-08-07T22:00,24.9,0.0,67.0,ok,18.4,1.5,9.3,1017.8,0.0
2026-08-07T23:00,20.3,35.6,89.0,ok,18.2,3.8,14.8,1019.7,0.0
2026-08-08T00:00,17.8,17.0,98.6,ok,17.5,0.7,3.5,1020.1,0.0
2026-08-08T01:00,17.6,0.5,99.0,ok,17.4,0.8,7.2,1019.8,0.0
2026-08-08T02:00,17.5,0.2,99.0,ok,17.3,0.5,3.5,1020.1,0.0
2026-08-08T03:00,17.6,3.6,99.0,ok,17.4,0.6,3.5,1020.1,0.0
2026-08-08T04:00,17.7,0.8,99.0,ok,17.6,0.3,1.8,1019.8,0.0
2026-08-08T05:00,17.6,0.0,99.0,ok,17.4,0.1,1.8,1019.8,0.3
2026-08-08T06:00,17.7,0.0,99.0,ok,17.6,0.5,3.5,1020.0,14.0
2026-08-08T07:00,18.2,0.0,99.0,ok,18.0,0.7,5.5,1020.2,102.6
2026-08-08T08:00,18.6,0.0,99.0,ok,18.4,1.4,5.5,1020.4,279.8
2026-08-08T09:00,21.1,0.0,91.3,ok,19.6,0.8,3.5,1020.4,409.5
2026-08-08T10:00,23.7,0.0,81.0,ok,20.2,1.7,9.3,1020.8,426.8
2026-08-08T11:00,25.4,0.0,68.7,ok,19.2,3.1,13.0,1020.6,560.3
2026-08-08T12:00,27.0,0.0,65.3,ok,19.9,3.2,11.1,1020.7,837.6
2026-08-08T13:00,25.8,0.0,62.7,ok,18.1,3.5,13.0,1020.6,409.0
2026-08-08T14:00,27.0,0.0,51.3,ok,16.1,4.6,16.6,1020.2,633.5
2026-08-08T15:00,28.5,0.0,49.5,ok,16.9,3.7,14.8,1019.7,592.9
2026-08-08T16:00,28.7,0.0,49.2,ok,17.0,3.5,9.3,1019.4,473.7
2026-08-08T17:00,28.3,0.0,49.4,ok,16.7,2.7,13.0,1019.0,328.7
2026-08-08T18:00,27.2,0.0,52.3,ok,16.6,1.6,7.2,1018.9,95.2
2026-08-08T19:00,24.3,0.0,63.9,ok,17.1,3.1,9.3,1019.2,29.3
2026-08-08T20:00,21.5,0.0,76.8,ok,17.2,2.7,7.2,1019.7,2.6
2026-08-08T21:00,19.4,0.0,86.2,ok,17.0,1.3,3.5,1020.0,0.0
2026-08-08T22:00,18.2,0.0,90.2,ok,16.6,1.0,3.5,1020.4,0.0
2026-08-08T23:00,17.0,0.0,93.5,ok,16.0,1.6,3.5,1020.9,0.0
2026-08-09T00:00,16.5,0.0,94.8,ok,15.7,1.9,3.5,1020.9,0.0
2026-08-09T01:00,16.0,0.0,96.2,ok,15.3,1.3,3.5,1020.6,0.0
2026-08-09T02:00,15.4,0.0,97.0,ok,15.0,1.4,3.5,1020.4,0.0
2026-08-09T03:00,14.8,0.0,98.0,ok,14.5,2.0,3.5,1020.3,0.0
2026-08-09T04:00,14.6,0.0,98.3,ok,14.3,1.4,3.5,1020.2,0.0
2026-08-09T05:00,14.0,0.0,99.0,ok,13.9,1.6,5.5,1020.2,0.6
2026-08-09T06:00,14.2,0.0,99.0,ok,14.0,0.9,3.5,1020.2,18.8
2026-08-09T07:00,15.7,0.0,97.1,ok,15.3,0.2,1.8,1020.2,39.7
2026-08-09T08:00,18.8,0.0,88.2,ok,16.8,1.1,5.5,1020.1,174.0
2026-08-09T09:00,23.5,0.0,71.2,ok,17.9,1.1,7.2,1020.1,405.8
2026-08-09T10:00,25.5,0.0,58.7,ok,16.8,4.8,9.3,1019.9,306.9
2026-08-09T11:00,27.4,0.0,53.4,ok,17.1,3.1,9.3,1019.5,525.0
2026-08-09T12:00,29.2,0.0,48.9,ok,17.3,2.3,9.3,1019.0,671.7
2026-08-09T13:00,30.0,0.0,47.2,ok,17.5,2.1,9.3,1018.5,666.5
2026-08-09T14:00,31.2,0.0,44.6,ok,17.6,2.1,9.3,1017.9,649.6
2026-08-09T15:00,31.9,0.0,42.7,ok,17.7,2.3,9.3,1017.4,581.4
2026-08-09T16:00,32.3,0.0,41.8,ok,17.7,2.4,9.3,1017.0,468.0
2026-08-09T17:00,32.2,0.0,41.8,ok,17.5,2.4,7.2,1016.5,322.7
2026-08-09T18:00,30.3,0.0,46.9,ok,17.6,3.3,9.3,1016.1,88.1
2026-08-09T19:00,27.3,0.0,54.6,ok,17.4,3.9,7.2,1016.1,28.3
2026-08-09T20:00,23.5,0.0,71.2,ok,17.9,2.8,7.2,1016.6,2.3
2026-08-09T21:00,21.2,0.0,79.8,ok,17.5,2.3,5.5,1017.2,0.0
2026-08-09T22:00,19.7,0.0,85.2,ok,17.1,1.8,5.5,1017.5,0.0
2026-08-09T23:00,18.7,0.0,88.8,ok,16.8,1.8,5.5,1017.6,0.0
2026-08-10T00:00,17.8,0.0,91.9,ok,16.4,1.8,5.5,1017.6,0.0
2026-08-10T01:00,17.3,0.0,93.1,ok,16.2,1.8,3.5,1017.7,0.0
2026-08-10T02:00,16.7,0.0,94.3,ok,15.9,2.1,5.5,1017.2,0.0
2026-08-10T03:00,16.3,0.0,95.4,ok,15.6,1.2,3.5,1017.0,0.0
2026-08-10T04:00,15.8,0.0,96.3,ok,15.3,0.9,3.5,1016.8,0.0
2026-08-10T05:00,15.4,0.0,96.8,ok,14.9,1.1,5.5,1016.8,0.5
2026-08-10T06:00,15.4,0.0,97.4,ok,15.0,1.1,3.5,1017.1,19.1
2026-08-10T07:00,17.2,0.0,94.2,ok,16.2,0.3,3.5,1017.3,49.5
2026-08-10T08:00,20.3,0.0,84.9,ok,17.7,0.8,3.5,1017.3,219.4
2026-08-10T09:00,25.0,0.0,70.2,ok,19.2,0.6,3.5,1017.5,405.9
2026-08-10T10:00,27.3,0.0,61.5,ok,19.2,1.8,7.2,1017.4,427.2
2026-08-10T11:00,30.0,0.0,52.4,ok,19.2,1.3,7.2,1017.1,624.0
2026-08-10T12:00,31.5,0.0,48.4,ok,19.2,3.0,9.3,1016.8,663.3
2026-08-10T13:00,32.4,0.0,46.2,ok,19.3,4.3,14.8,1016.2,669.4
2026-08-10T14:00,33.6,0.0,43.7,ok,19.6,3.3,13.0,1015.6,669.2
2026-08-10T15:00,34.0,0.0,42.8,ok,19.5,3.6,14.8,1015.1,619.4
2026-08-10T16:00,33.6,0.0,43.8,ok,19.6,5.0,13.0,1014.8,455.3
2026-08-10T17:00,32.6,0.0,46.0,ok,19.5,4.8,16.6,1014.6,246.0
2026-08-10T18:00,29.8,0.0,58.6,ok,20.8,1.7,7.2,1014.7,62.1
2026-08-10T19:00,27.5,0.0,68.9,ok,21.2,2.1,7.2,1015.2,16.0
2026-08-10T20:00,25.4,0.0,76.8,ok,21.0,1.7,5.5,1015.4,1.2
2026-08-10T21:00,23.5,0.0,82.2,ok,20.3,1.3,5.5,1016.0,0.0
2026-08-10T22:00,21.8,0.0,87.4,ok,19.6,1.6,5.5,1016.4,0.0
2026-08-10T23:00,21.0,0.0,89.9,ok,19.3,1.5,3.5,1017.0,0.0
2026-08-11T00:00,20.6,0.0,91.0,ok,19.1,1.5,3.5,1017.4,0.0
2026-08-11T01:00,19.7,0.0,93.4,ok,18.6,1.9,3.5,1017.6,0.0
2026-08-11T02:00,19.1,0.0,94.2,ok,18.2,1.3,3.5,1017.6,0.0
2026-08-11T03:00,18.6,0.0,94.9,ok,17.8,1.6,5.5,1017.7,0.0
2026-08-11T04:00,18.2,0.0,95.9,ok,17.6,0.4,3.5,1017.5,0.0
2026-08-11T05:00,18.4,0.0,96.2,ok,17.8,0.5,1.8,1017.6,0.0
2026-08-11T06:00,18.8,0.0,96.0,ok,18.1,0.3,3.5,1018.0,14.5
2026-08-11T07:00,19.6,0.0,93.7,ok,18.5,0.5,5.5,1018.2,53.9
2026-08-11T08:00,20.8,0.0,90.1,ok,19.1,0.8,3.5,1018.3,238.2
2026-08-11T09:00,25.1,0.0,73.2,ok,19.9,0.8,5.5,1018.5,416.7
2026-08-11T10:00,25.8,0.0,69.2,ok,19.7,3.6,11.1,1019.0,247.5
2026-08-11T11:00,27.0,0.0,64.3,ok,19.7,3.8,11.1,1019.2,478.9
2026-08-11T12:00,30.0,0.0,54.6,ok,19.8,4.0,11.1,1019.1,697.3
2026-08-11T13:00,32.3,0.0,45.5,ok,19.0,3.5,13.0,1018.8,755.7
2026-08-11T14:00,32.6,0.0,44.4,ok,18.9,3.6,16.6,1018.3,591.8
2026-08-11T15:00,32.2,0.0,45.0,ok,18.8,2.1,9.3,1017.9,380.0
2026-08-11T16:00,31.0,0.0,52.2,ok,19.9,2.0,7.2,1017.7,204.8
2026-08-11T17:00,30.5,0.0,57.2,ok,21.0,1.9,5.5,1017.6,161.8
2026-08-11T18:00,28.4,0.0,68.0,ok,21.9,2.6,5.5,1017.8,75.4
2026-08-11T19:00,25.5,12.4,72.4,ok,19.9,6.8,23.8,1018.8,9.7
2026-08-11T20:00,19.2,0.0,96.8,ok,18.7,1.3,5.5,1020.9,1.1
2026-08-11T21:00,18.8,0.0,98.8,ok,18.6,0.7,5.5,1021.2,0.0
2026-08-11T22:00,18.6,0.0,99.0,ok,18.4,0.8,3.5,1021.3,0.0
2026-08-11T23:00,18.7,0.0,99.0,ok,18.5,2.0,5.5,1021.8,0.0
2026-08-12T00:00,18.7,0.0,99.0,ok,18.5,0.1,1.8,1022.1,0.0
2026-08-12T01:00,18.3,0.0,99.0,ok,18.2,0.3,1.8,1022.2,0.0
2026-08-12T02:00,17.9,0.0,99.0,ok,17.8,1.1,5.5,1022.3,0.0
2026-08-12T03:00,17.5,0.0,99.0,ok,17.4,1.0,5.5,1022.6,0.0
2026-08-12T04:00,17.2,0.0,99.0,ok,17.1,0.4,3.5,1023.0,0.0
2026-08-12T05:00,17.2,0.0,99.0,ok,17.1,0.2,1.8,1023.4,0.2
2026-08-12T06:00,17.2,0.0,99.0,ok,17.0,0.1,1.8,1024.1,16.6
2026-08-12T07:00,17.3,0.0,99.0,ok,17.1,0.1,1.8,1024.6,80.1
2026-08-12T08:00,18.2,0.0,99.0,ok,18.0,0.2,3.5,1024.9,214.8
2026-08-12T09:00,20.4,0.0,96.0,ok,19.7,0.9,3.5,1024.8,407.7
2026-08-12T10:00,23.7,0.0,64.9,ok,16.6,3.2,9.3,1024.8,346.9
2026-08-12T11:00,25.0,0.0,54.2,ok,15.1,5.2,14.8,1024.5,500.6
2026-08-12T12:00,26.2,0.0,50.6,ok,15.2,4.9,13.0,1024.1,653.7
2026-08-12T13:00,27.5,0.0,45.7,ok,14.7,4.8,13.0,1023.7,650.5
2026-08-12T14:00,28.5,0.0,40.5,ok,13.8,4.7,11.1,1023.1,629.6
2026-08-12T15:00,28.8,0.0,40.1,ok,14.0,6.0,16.6,1022.7,556.9
2026-08-12T16:00,29.1,0.0,42.8,ok,15.1,5.5,11.1,1022.3,457.8
2026-08-12T17:00,29.1,0.0,42.9,ok,15.3,4.2,11.1,1022.1,309.0
2026-08-12T18:00,27.8,0.0,47.4,ok,15.5,4.1,13.0,1022.1,82.0
2026-08-12T19:00,25.0,0.0,57.4,ok,16.0,3.9,9.3,1022.4,24.1
2026-08-12T20:00,21.4,0.0,73.0,ok,16.3,3.9,5.5,1023.1,0.1
2026-08-12T21:00,19.5,0.0,80.2,ok,16.0,1.4,5.5,1023.9,0.0
2026-08-12T22:00,18.2,0.0,83.3,ok,15.3,2.2,5.5,1024.6,0.0
2026-08-12T23:00,17.2,0.0,85.4,ok,14.7,1.7,5.5,1025.0,0.0
2026-08-13T00:00,16.1,0.0,89.2,ok,14.3,1.6,3.5,1025.2,0.0
2026-08-13T01:00,15.1,0.0,92.0,ok,13.8,1.5,5.5,1025.2,0.0
2026-08-13T02:00,14.6,0.0,92.7,ok,13.4,1.4,3.5,1025.3,0.0
2026-08-13T03:00,13.9,0.0,93.8,ok,13.0,1.0,3.5,1025.0,0.0
2026-08-13T04:00,13.4,0.0,94.9,ok,12.7,1.0,3.5,1024.9,0.0
2026-08-13T05:00,12.9,0.0,95.7,ok,12.3,0.6,3.5,1025.0,0.3
2026-08-13T06:00,12.8,0.0,96.2,ok,12.3,1.2,5.5,1025.2,16.2
2026-08-13T07:00,14.3,0.0,94.0,ok,13.3,0.4,3.5,1025.4,50.0
2026-08-13T08:00,17.0,0.0,85.8,ok,14.6,1.3,5.5,1025.4,187.8
2026-08-13T09:00,21.3,0.0,64.4,ok,14.2,2.2,9.3,1025.2,421.6
2026-08-13T10:00,23.5,0.0,47.2,ok,11.6,3.6,7.2,1024.9,320.2
2026-08-13T11:00,25.0,0.0,44.7,ok,12.1,4.9,14.8,1024.6,512.6
2026-08-13T12:00,25.9,0.0,45.2,ok,13.0,6.0,13.0,1024.3,664.3
2026-08-13T13:00,27.1,0.0,41.9,ok,13.0,5.5,14.8,1023.9,660.0
2026-08-13T14:00,27.9,0.0,42.3,ok,13.9,5.0,16.6,1023.4,637.6
2026-08-13T15:00,28.2,0.0,41.8,ok,14.1,5.7,14.8,1022.9,559.3
2026-08-13T16:00,28.8,0.0,41.8,ok,14.5,4.8,13.0,1022.5,460.2
2026-08-13T17:00,29.1,0.0,41.5,ok,14.7,2.5,9.3,1022.2,310.5
2026-08-13T18:00,27.7,0.0,43.5,ok,14.2,2.1,9.3,1022.0,77.7
2026-08-13T19:00,25.1,0.0,52.7,ok,14.7,2.7,7.2,1022.2,24.4
2026-08-13T20:00,21.6,0.0,65.3,ok,14.8,3.1,5.5,1022.8,1.3
2026-08-13T21:00,19.3,0.0,72.2,ok,14.2,1.7,5.5,1023.2,0.0
2026-08-13T22:00,17.2,0.0,79.3,ok,13.6,2.1,5.5,1023.5,0.0
2026-08-13T23:00,15.4,0.0,84.8,ok,12.9,2.3,5.5,1023.8,0.0
2026-08-14T00:00,14.5,0.0,86.9,ok,12.3,2.0,5.5,1023.8,0.0
2026-08-14T01:00,13.4,0.0,90.5,ok,11.8,2.2,5.5,1023.7,0.0
2026-08-14T02:00,12.7,0.0,91.8,ok,11.4,1.6,3.5,1023.4,0.0
2026-08-14T03:00,12.1,0.0,92.6,ok,10.9,1.9,3.5,1023.0,0.0
2026-08-14T04:00,11.4,0.0,93.7,ok,10.4,2.1,3.5,1022.6,0.0
2026-08-14T05:00,11.1,0.0,94.2,ok,10.1,1.7,3.5,1022.4,0.2
2026-08-14T06:00,11.0,0.0,94.6,ok,10.1,1.5,3.5,1022.4,17.6
2026-08-14T07:00,12.9,0.0,90.0,ok,11.3,1.0,3.5,1022.3,38.7
2026-08-14T08:00,16.4,0.0,78.5,ok,12.6,1.4,5.5,1022.3,170.6
2026-08-14T09:00,22.0,0.0,59.7,ok,13.6,1.4,5.5,1022.1,399.2
2026-08-14T10:00,24.3,0.0,46.5,ok,12.1,3.7,11.1,1021.8,429.0
2026-08-14T11:00,25.8,0.0,41.2,ok,11.6,5.3,13.0,1021.5,563.1
2026-08-14T12:00,27.0,0.0,38.2,ok,11.5,5.1,11.1,1020.9,673.8
2026-08-14T13:00,27.9,0.0,36.2,ok,11.6,5.4,14.8,1020.2,660.0
2026-08-14T14:00,28.6,0.0,36.7,ok,12.3,5.4,13.0,1019.6,642.3
2026-08-14T15:00,29.3,0.0,34.1,ok,11.8,4.7,13.0,1019.1,563.1
2026-08-14T16:00,29.7,0.0,33.1,ok,11.8,3.8,11.1,1018.6,460.7
2026-08-14T17:00,30.1,0.0,32.4,ok,11.8,2.4,11.1,1018.1,310.7
2026-08-14T18:00,28.3,0.0,36.2,ok,11.8,1.8,5.5,1017.7,73.4
2026-08-14T19:00,24.8,0.0,46.3,ok,12.5,4.0,9.3,1017.8,21.8
2026-08-14T20:00,20.7,0.0,62.0,ok,13.2,2.6,7.2,1018.2,1.1
2026-08-14T21:00,17.9,0.0,74.2,ok,13.2,2.9,5.5,1018.8,0.0
2026-08-14T22:00,16.6,0.0,78.3,ok,12.8,2.1,5.5,1019.2,0.0
2026-08-14T23:00,15.1,0.0,83.3,ok,12.3,1.6,5.5,1019.5,0.0
2026-08-15T00:00,13.9,0.0,87.6,ok,11.9,1.9,3.5,1019.5,0.0
2026-08-15T01:00,13.1,0.0,89.8,ok,11.5,2.3,5.5,1019.4,0.0
2026-08-15T02:00,12.6,0.0,91.1,ok,11.2,2.7,5.5,1019.1,0.0
2026-08-15T03:00,11.9,0.0,93.0,ok,10.8,2.8,5.5,1018.9,0.0
2026-08-15T04:00,11.5,0.0,93.6,ok,10.5,2.2,5.5,1018.6,0.0
2026-08-15T05:00,11.1,0.0,94.1,ok,10.2,2.3,3.5,1018.5,0.2
2026-08-15T06:00,11.0,0.0,94.5,ok,10.1,1.8,5.5,1018.5,16.8
2026-08-15T07:00,13.2,0.0,89.8,ok,11.5,1.2,3.5,1018.4,38.7
2026-08-15T08:00,16.9,0.0,77.4,ok,12.9,0.8,3.5,1018.1,151.2
2026-08-15T09:00,22.3,0.0,62.8,ok,14.8,1.0,3.5,1017.9,387.5
2026-08-15T10:00,25.5,0.0,52.2,ok,14.8,1.7,7.2,1017.5,405.7
2026-08-15T11:00,28.0,0.0,40.0,ok,13.2,3.5,9.3,1017.2,668.5
2026-08-15T12:00,29.6,0.0,37.8,ok,13.7,2.8,9.3,1016.8,667.3
2026-08-15T13:00,30.4,0.0,36.4,ok,13.8,5.1,13.0,1016.3,651.7
2026-08-15T14:00,31.1,0.0,34.7,ok,13.7,5.3,13.0,1015.9,635.7
2026-08-15T15:00,31.4,0.0,33.8,ok,13.6,8.1,21.9,1015.4,553.9
2026-08-15T16:00,31.7,0.0,33.8,ok,13.8,8.2,20.1,1014.9,457.2
2026-08-15T17:00,32.5,0.0,33.7,ok,14.4,2.8,23.8,1014.6,304.0
2026-08-15T18:00,30.1,0.0,38.8,ok,14.4,2.6,9.3,1014.2,77.1
2026-08-15T19:00,26.7,0.0,47.5,ok,14.5,3.8,9.3,1014.2,22.4
2026-08-15T20:00,22.6,0.0,61.5,ok,14.8,2.2,7.2,1014.4,0.6
2026-08-15T21:00,19.2,0.0,75.0,ok,14.7,2.5,5.5,1015.3,0.0
2026-08-15T22:00,17.7,0.0,79.8,ok,14.2,2.4,7.2,1015.8,0.0
2026-08-15T23:00,16.6,0.0,83.9,ok,13.9,2.0,5.5,1016.1,0.0
2026-08-16T00:00,15.8,0.0,86.0,ok,13.5,1.4,5.5,1016.3,0.0
2026-08-16T01:00,15.2,0.0,88.1,ok,13.2,1.9,5.5,1016.2,0.0
2026-08-16T02:00,14.4,0.0,89.9,ok,12.8,2.1,5.5,1015.9,0.0
2026-08-16T03:00,13.8,0.0,91.7,ok,12.5,1.6,5.5,1015.6,0.0
2026-08-16T04:00,13.3,0.0,92.9,ok,12.2,1.8,3.5,1015.4,0.0
2026-08-16T05:00,12.9,0.0,93.8,ok,11.9,1.7,3.5,1015.3,0.2
2026-08-16T06:00,12.9,0.0,93.8,ok,11.9,0.8,3.5,1015.3,19.3
2026-08-16T07:00,14.9,0.0,89.4,ok,13.1,0.6,3.5,1015.3,48.8
2026-08-16T08:00,18.2,0.0,78.9,ok,14.5,0.6,3.5,1015.2,142.6
2026-08-16T09:00,23.5,0.0,64.6,ok,16.4,0.8,3.5,1014.9,358.4
2026-08-16T10:00,26.3,0.0,54.5,ok,16.4,1.4,5.5,1014.5,428.9
2026-08-16T11:00,29.4,0.0,44.9,ok,16.1,1.1,5.5,1014.2,588.4
2026-08-16T12:00,31.3,0.0,41.6,ok,16.7,2.7,11.1,1013.8,644.1
2026-08-16T13:00,32.3,0.0,38.7,ok,16.4,5.0,13.0,1013.3,680.0
2026-08-16T14:00,34.1,0.0,34.3,ok,16.1,2.9,11.1,1012.7,594.5
2026-08-16T15:00,35.0,0.0,33.5,ok,16.6,3.7,14.8,1012.3,556.9
2026-08-16T16:00,35.0,0.0,34.0,ok,16.7,3.9,13.0,1011.7,462.3
2026-08-16T17:00,33.6,0.0,35.4,ok,16.2,5.0,18.3,1011.8,259.7
2026-08-16T18:00,30.6,0.0,42.4,ok,16.3,4.1,13.0,1012.8,89.3
2026-08-16T19:00,27.4,0.0,53.3,ok,16.9,1.0,7.2,1013.5,22.0
2026-08-16T20:00,24.5,0.0,65.2,ok,17.5,1.4,7.2,1014.2,0.2
2026-08-16T21:00,22.5,0.0,69.5,ok,16.7,2.4,7.2,1014.8,0.0
2026-08-16T22:00,21.8,0.0,71.7,ok,16.5,2.3,7.2,1014.8,0.0
2026-08-16T23:00,19.9,0.0,78.5,ok,16.0,2.2,5.5,1014.6,0.0
2026-08-17T00:00,18.8,0.0,83.4,ok,15.9,1.0,3.5,1014.4,0.0
2026-08-17T01:00,18.0,0.0,87.2,ok,15.8,1.4,3.5,1014.2,0.0
2026-08-17T02:00,17.0,0.0,90.1,ok,15.4,1.5,3.5,1014.0,0.0
2026-08-17T03:00,16.2,0.0,92.2,ok,15.0,0.6,3.5,1013.7,0.0
2026-08-17T04:00,16.4,0.0,92.5,ok,15.2,0.9,3.5,1013.3,0.0
2026-08-17T05:00,16.9,0.0,91.4,ok,15.5,1.7,5.5,1012.6,0.0
2026-08-17T06:00,17.2,0.0,91.2,ok,15.8,1.1,3.5,1012.8,3.3
2026-08-17T07:00,17.9,0.0,89.7,ok,16.2,0.5,3.5,1012.8,23.4
2026-08-17T08:00,17.9,0.0,92.3,ok,16.7,0.8,3.5,1012.5,47.5
2026-08-17T09:00,19.6,0.0,85.5,ok,17.0,1.8,7.2,1012.4,196.9
2026-08-17T10:00,22.9,0.0,71.9,ok,17.6,1.5,7.2,1012.2,239.4
2026-08-17T11:00,24.0,0.0,71.5,ok,18.5,1.4,5.5,1012.4,193.5
2026-08-17T12:00,24.1,0.0,70.7,ok,18.5,2.3,5.5,1012.5,191.1
2026-08-17T13:00,24.2,0.0,70.3,ok,18.4,1.3,5.5,1012.3,175.4
2026-08-17T14:00,24.9,0.0,70.7,ok,19.2,0.5,3.5,1011.9,237.0
2026-08-17T15:00,26.2,0.0,67.1,ok,19.6,0.7,5.5,1011.3,316.6
2026-08-17T16:00,26.5,0.0,64.2,ok,19.2,0.7,5.5,1010.3,298.6
2026-08-17T17:00,25.6,0.0,68.0,ok,19.1,1.2,5.5,1010.1,83.2
2026-08-17T18:00,23.7,0.0,75.8,ok,19.1,2.3,7.2,1010.2,10.1
2026-08-17T19:00,22.6,9.4,77.8,ok,18.5,2.2,9.3,1010.6,0.3
2026-08-17T20:00,17.8,4.4,96.3,ok,17.2,2.9,13.0,1011.7,0.0
2026-08-17T21:00,17.2,0.5,98.8,ok,17.0,0.2,1.8,1011.6,0.0
2026-08-17T22:00,17.1,0.0,99.0,ok,16.9,0.8,5.5,1012.2,0.0
2026-08-17T23:00,16.8,0.0,99.0,ok,16.6,1.1,9.3,1012.8,0.0
2026-08-18T00:00,16.2,0.0,99.0,ok,16.1,0.6,5.5,1013.2,0.0
2026-08-18T01:00,15.8,0.0,99.0,ok,15.6,0.3,3.5,1013.3,0.0
2026-08-18T02:00,15.6,0.0,99.0,ok,15.4,0.7,5.5,1013.4,0.0
2026-08-18T03:00,14.8,0.0,99.0,ok,14.7,0.6,3.5,1013.7,0.0
2026-08-18T04:00,14.3,0.0,99.0,ok,14.2,0.4,5.5,1013.9,0.0
2026-08-18T05:00,14.3,0.0,99.0,ok,14.2,0.5,3.5,1013.9,0.0
2026-08-18T06:00,14.3,0.0,99.0,ok,14.1,1.1,3.5,1013.8,24.8
2026-08-18T07:00,14.6,0.0,99.0,ok,14.4,0.4,3.5,1013.9,53.8
2026-08-18T08:00,15.1,0.0,99.0,ok,15.0,0.6,5.5,1014.5,116.4
2026-08-18T09:00,16.5,0.0,96.7,ok,15.9,1.1,7.2,1014.6,318.1
2026-08-18T10:00,20.3,0.0,85.5,ok,17.8,1.3,5.5,1014.1,481.1
2026-08-18T11:00,21.1,0.0,82.9,ok,18.1,2.1,5.5,1014.0,303.9
2026-08-18T12:00,21.7,0.0,81.8,ok,18.4,2.9,7.2,1013.6,330.7
2026-08-18T13:00,22.5,0.0,80.2,ok,18.9,4.5,11.1,1013.1,353.0
2026-08-18T14:00,24.1,0.0,73.4,ok,19.0,4.0,13.0,1012.2,659.6
2026-08-18T15:00,24.8,0.0,69.3,ok,18.8,3.6,9.3,1011.4,383.9
2026-08-18T16:00,25.3,0.0,68.1,ok,19.1,4.5,13.0,1010.6,346.9
2026-08-18T17:00,24.9,0.0,70.2,ok,19.1,4.2,11.1,1010.4,144.2
2026-08-18T18:00,23.9,0.0,72.4,ok,18.6,4.7,13.0,1010.5,41.0
2026-08-18T19:00,20.3,0.2,89.8,ok,18.6,3.8,16.6,1011.8,16.6
2026-08-18T20:00,18.6,0.0,94.0,ok,17.6,1.8,7.2,1012.7,0.1
2026-08-18T21:00,18.1,0.0,96.4,ok,17.5,0.7,3.5,1013.1,0.0
2026-08-18T22:00,17.7,0.0,97.8,ok,17.3,0.5,5.5,1013.2,0.0
2026-08-18T23:00,17.6,0.0,98.0,ok,17.3,0.4,5.5,1013.3,0.0
2026-08-19T00:00,17.5,0.0,98.2,ok,17.2,0.2,1.8,1013.8,0.0
2026-08-19T01:00,17.4,0.0,99.0,ok,17.2,0.4,3.5,1014.0,0.0
2026-08-19T02:00,17.4,0.0,99.0,ok,17.2,0.0,1.8,1013.4,0.0
2026-08-19T03:00,17.2,0.0,99.0,ok,17.0,0.4,3.5,1013.3,0.0
2026-08-19T04:00,17.0,0.0,99.0,ok,16.8,0.1,3.5,1013.2,0.0
2026-08-19T05:00,17.1,0.0,99.0,ok,16.9,0.0,1.8,1013.3,0.1
2026-08-19T06:00,16.8,0.0,99.0,ok,16.6,0.3,3.5,1013.4,9.8
2026-08-19T07:00,17.0,0.0,99.0,ok,16.8,0.2,5.5,1013.9,59.7
2026-08-19T08:00,18.3,0.0,97.2,ok,17.8,0.8,3.5,1013.9,97.9
2026-08-19T09:00,22.2,0.0,83.9,ok,19.3,1.0,5.5,1013.6,423.3
2026-08-19T10:00,23.9,0.0,76.3,ok,19.4,1.8,7.2,1013.5,513.3
2026-08-19T11:00,26.0,0.0,67.5,ok,19.5,3.0,7.2,1013.1,592.4
2026-08-19T12:00,28.4,0.0,55.6,ok,18.6,1.4,7.2,1012.6,655.7
2026-08-19T13:00,29.8,0.0,52.8,ok,19.1,3.5,18.3,1012.0,650.0
2026-08-19T14:00,30.5,0.0,51.9,ok,19.5,4.5,13.0,1011.4,608.9
2026-08-19T15:00,31.0,0.0,50.9,ok,19.7,4.5,20.1,1011.0,542.2
2026-08-19T16:00,30.8,0.0,51.0,ok,19.6,5.0,14.8,1010.6,427.7
2026-08-19T17:00,30.4,0.0,51.8,ok,19.4,4.5,16.6,1010.6,281.8
2026-08-19T18:00,29.2,0.0,52.5,ok,18.5,3.1,20.1,1010.4,75.2
2026-08-19T19:00,28.3,0.0,53.8,ok,18.0,3.8,21.9,1010.3,20.6
2026-08-19T20:00,27.4,0.0,55.0,ok,17.6,3.8,13.0,1010.5,0.3
2026-08-19T21:00,26.5,0.0,55.8,ok,17.0,4.4,20.1,1010.6,0.0
2026-08-19T22:00,26.8,0.0,55.2,ok,17.0,7.0,20.1,1010.8,0.0
2026-08-19T23:00,25.4,0.0,62.6,ok,17.7,3.9,11.1,1011.0,0.0
2026-08-20T00:00,24.8,0.0,69.8,ok,18.9,5.8,20.1,1011.3,0.0
2026-08-20T01:00,24.9,0.0,68.5,ok,18.8,5.2,16.6,1011.1,0.0
2026-08-20T02:00,24.6,0.0,67.9,ok,18.3,3.2,9.3,1010.4,0.0
2026-08-20T03:00,24.4,0.0,64.9,ok,17.4,4.1,20.1,1010.1,0.0
2026-08-20T04:00,25.5,0.0,61.2,ok,17.5,6.4,20.1,1009.9,0.0
2026-08-20T05:00,24.6,0.0,65.9,ok,17.8,3.3,11.1,1009.9,0.0
2026-08-20T06:00,23.3,0.0,72.8,ok,18.2,2.0,9.3,1010.7,19.0
2026-08-20T07:00,24.3,0.0,73.1,ok,19.2,2.3,14.8,1011.5,54.6
2026-08-20T08:00,25.5,0.0,71.8,ok,20.0,2.6,18.3,1011.8,98.0
2026-08-20T09:00,27.4,0.0,68.5,ok,21.0,5.0,20.1,1012.2,325.3
2026-08-20T10:00,27.9,0.0,67.6,ok,21.4,7.5,21.9,1012.2,497.1
2026-08-20T11:00,28.8,0.0,64.7,ok,21.4,7.7,23.8,1012.2,514.0
2026-08-20T12:00,30.2,0.0,59.2,ok,21.3,6.3,20.1,1011.9,638.9
2026-08-20T13:00,30.4,0.0,60.2,ok,21.8,5.2,21.9,1012.0,460.0
2026-08-20T14:00,31.1,0.0,58.7,ok,22.0,3.9,14.8,1011.2,468.7
2026-08-20T15:00,27.6,2.8,74.7,ok,22.4,4.1,14.8,1011.2,116.0
2026-08-20T16:00,23.8,0.0,96.8,ok,23.2,1.3,7.2,1011.4,121.7
2026-08-20T17:00,24.2,0.0,93.2,ok,23.0,1.1,7.2,1011.7,58.1
2026-08-20T18:00,24.9,0.0,81.8,ok,21.6,0.9,11.1,1011.6,34.3
2026-08-20T19:00,23.3,0.0,89.8,ok,21.6,0.9,5.5,1011.5,8.1
2026-08-20T20:00,21.9,0.0,95.1,ok,21.1,0.9,3.5,1011.3,0.1
2026-08-20T21:00,21.8,0.0,94.4,ok,20.8,2.5,7.2,1011.6,0.0
2026-08-20T22:00,22.1,0.0,92.2,ok,20.8,1.6,9.3,1011.4,0.0
2026-08-20T23:00,21.3,7.1,95.6,ok,20.5,4.1,13.0,1012.3,0.0
2026-08-21T00:00,20.1,15.0,99.0,ok,19.9,2.8,13.0,1014.0,0.0
2026-08-21T01:00,19.1,4.1,99.0,ok,19.0,3.3,13.0,1013.6,0.0
2026-08-21T02:00,18.9,5.3,99.0,ok,18.7,1.5,5.5,1013.4,0.0
2026-08-21T03:00,18.6,0.0,99.0,ok,18.5,1.3,7.2,1012.8,0.0
2026-08-21T04:00,18.7,0.0,99.0,ok,18.5,0.5,3.5,1012.2,0.0
2026-08-21T05:00,18.5,0.0,99.0,ok,18.3,0.7,3.5,1012.1,0.0
2026-08-21T06:00,18.4,0.0,99.0,ok,18.2,0.0,1.8,1011.8,11.2
2026-08-21T07:00,18.7,0.0,99.0,ok,18.5,0.4,5.5,1012.0,65.1
2026-08-21T08:00,19.1,0.0,99.0,ok,18.9,1.9,9.3,1012.1,132.3
2026-08-21T09:00,20.4,0.0,96.7,ok,19.9,3.2,9.3,1011.8,346.4
2026-08-21T10:00,22.6,0.0,89.6,ok,20.8,1.6,5.5,1012.0,421.7
2026-08-21T11:00,24.2,0.0,85.1,ok,21.5,2.2,7.2,1011.7,302.9
2026-08-21T12:00,23.5,4.1,88.5,ok,21.5,2.2,5.5,1011.4,77.8
2026-08-21T13:00,21.4,0.3,95.1,ok,20.6,0.9,5.5,1011.1,199.7
2026-08-21T14:00,22.0,0.0,94.1,ok,20.9,1.0,3.5,1010.1,94.6
2026-08-21T15:00,23.3,0.0,87.6,ok,21.1,1.1,3.5,1009.3,406.3
2026-08-21T16:00,22.7,5.8,91.5,ok,21.2,3.7,13.0,1008.2,79.2
2026-08-21T17:00,19.4,3.6,95.1,ok,18.5,3.4,13.0,1009.6,18.2
2026-08-21T18:00,18.0,0.8,97.3,ok,17.6,1.1,5.5,1009.2,33.1
2026-08-21T19:00,18.8,0.0,92.8,ok,17.6,2.7,14.8,1009.2,27.2
2026-08-21T20:00,18.3,0.0,94.1,ok,17.3,0.8,7.2,1009.4,0.0
2026-08-21T21:00,17.6,0.0,94.7,ok,16.7,0.4,5.5,1009.4,0.0
2026-08-21T22:00,17.4,0.0,94.9,ok,16.6,0.5,7.2,1009.7,0.0
2026-08-21T23:00,19.6,0.0,85.7,ok,17.1,5.7,18.3,1009.9,0.0
2026-08-22T00:00,19.1,0.0,87.2,ok,17.0,1.8,11.1,1010.1,0.0
2026-08-22T01:00,17.3,0.0,95.0,ok,16.5,3.2,9.3,1010.7,0.0
2026-08-22T02:00,16.7,0.0,96.5,ok,16.1,1.2,7.2,1011.3,0.0
2026-08-22T03:00,16.4,0.0,98.0,ok,16.0,0.7,3.5,1012.1,0.0
2026-08-22T04:00,16.5,0.0,99.0,ok,16.3,0.3,3.5,1012.8,0.0
2026-08-22T05:00,16.4,0.0,99.0,ok,16.3,0.4,5.5,1013.1,0.0
2026-08-22T06:00,16.6,0.0,98.0,ok,16.3,1.4,5.5,1013.8,9.5
2026-08-22T07:00,17.1,0.0,95.0,ok,16.3,0.4,3.5,1014.6,61.7
2026-08-22T08:00,18.1,0.0,91.9,ok,16.7,0.2,1.8,1014.9,105.3
2026-08-22T09:00,18.6,0.0,90.5,ok,17.0,0.9,5.5,1015.2,142.9
2026-08-22T10:00,19.3,0.0,89.1,ok,17.4,0.4,3.5,1015.7,175.0
2026-08-22T11:00,20.0,0.0,83.8,ok,17.2,2.8,7.2,1016.1,228.1
2026-08-22T12:00,20.8,0.0,79.9,ok,17.3,2.6,7.2,1016.2,231.6
2026-08-22T13:00,21.1,0.0,77.8,ok,17.0,1.2,5.5,1016.5,202.2
2026-08-22T14:00,21.3,0.0,76.6,ok,17.0,1.0,5.5,1016.6,233.2
2026-08-22T15:00,21.5,0.0,77.3,ok,17.4,2.0,9.3,1016.9,232.8
2026-08-22T16:00,21.3,0.0,77.4,ok,17.2,2.5,7.2,1017.0,187.9
2026-08-22T17:00,21.2,0.0,78.4,ok,17.3,1.7,7.2,1017.3,162.8
2026-08-22T18:00,20.9,0.0,81.8,ok,17.6,1.2,5.5,1017.5,56.5
2026-08-22T19:00,19.4,0.0,91.7,ok,18.0,1.2,3.5,1018.1,7.4
2026-08-22T20:00,18.7,0.0,91.7,ok,17.2,0.5,3.5,1019.0,0.0
2026-08-22T21:00,18.0,0.0,93.3,ok,16.9,0.6,3.5,1019.7,0.0
2026-08-22T22:00,17.8,0.0,94.9,ok,16.9,0.5,3.5,1020.0,0.0
2026-08-22T23:00,17.4,0.0,96.3,ok,16.8,0.3,3.5,1020.2,0.0
2026-08-23T00:00,17.0,0.0,97.0,ok,16.5,0.2,1.8,1020.3,0.0
2026-08-23T01:00,16.5,0.0,96.7,ok,16.0,1.3,3.5,1020.4,0.0
2026-08-23T02:00,16.3,0.0,97.8,ok,15.9,0.2,3.5,1020.4,0.0
2026-08-23T03:00,16.1,0.0,97.8,ok,15.8,0.0,1.8,1020.8,0.0
2026-08-23T04:00,15.8,0.0,97.8,ok,15.4,0.1,1.8,1020.8,0.0
2026-08-23T05:00,15.3,0.0,99.0,ok,15.1,0.0,0.0,1020.8,0.0
2026-08-23T06:00,15.2,0.0,99.0,ok,15.1,0.1,1.8,1021.3,3.4
2026-08-23T07:00,15.6,0.0,98.8,ok,15.3,0.4,3.5,1021.8,27.8
2026-08-23T08:00,16.1,0.0,96.7,ok,15.6,0.1,3.5,1022.0,70.8
2026-08-23T09:00,18.4,0.0,89.7,ok,16.6,0.2,3.5,1022.1,220.8
2026-08-23T10:00,20.8,0.0,78.4,ok,16.8,2.1,7.2,1022.1,413.3
2026-08-23T11:00,22.0,0.0,72.2,ok,16.7,2.5,9.3,1021.9,553.1
2026-08-23T12:00,23.1,0.0,64.8,ok,16.1,2.6,9.3,1021.5,712.8
2026-08-23T13:00,24.2,0.0,61.7,ok,16.3,2.6,11.1,1021.0,637.2
2026-08-23T14:00,24.9,0.0,59.9,ok,16.6,2.9,9.3,1020.3,573.2
2026-08-23T15:00,25.4,0.0,57.5,ok,16.4,3.0,13.0,1019.8,548.4
2026-08-23T16:00,25.5,0.0,56.4,ok,16.2,3.3,14.8,1019.8,449.5
2026-08-23T17:00,25.4,0.0,55.8,ok,16.0,2.3,7.2,1019.7,275.2
2026-08-23T18:00,23.1,0.0,63.9,ok,15.8,1.7,7.2,1019.6,56.7
2026-08-23T19:00,20.6,0.0,73.8,ok,15.8,2.6,7.2,1019.5,14.9
2026-08-23T20:00,17.7,0.0,86.6,ok,15.4,1.4,3.5,1020.0,0.0
2026-08-23T21:00,15.9,0.0,92.7,ok,14.7,1.8,5.5,1020.6,0.0
2026-08-23T22:00,14.8,0.0,95.0,ok,14.1,1.4,5.5,1020.7,0.0
2026-08-23T23:00,14.2,0.0,96.5,ok,13.7,1.3,3.5,1020.8,0.0
2026-08-24T00:00,13.6,0.0,97.8,ok,13.2,1.0,3.5,1020.8,0.0
2026-08-24T01:00,13.2,0.0,98.3,ok,12.9,1.7,3.5,1020.6,0.0
2026-08-24T02:00,12.6,0.0,99.0,ok,12.4,0.9,3.5,1020.3,0.0
2026-08-24T03:00,12.1,0.0,99.0,ok,11.9,1.3,3.5,1020.3,0.0
2026-08-24T04:00,11.8,0.0,99.0,ok,11.6,0.7,3.5,1020.3,0.0
2026-08-24T05:00,11.4,0.0,99.0,ok,11.2,1.1,3.5,1020.2,0.0
2026-08-24T06:00,11.4,0.0,99.0,ok,11.2,0.6,3.5,1020.3,10.3
2026-08-24T07:00,12.3,0.0,99.0,ok,12.2,0.5,1.8,1020.4,31.0
2026-08-24T08:00,14.9,0.0,95.9,ok,14.3,0.5,3.5,1020.5,53.6
2026-08-24T09:00,19.7,0.0,81.6,ok,16.4,0.7,3.5,1020.2,315.6
2026-08-24T10:00,22.6,0.0,69.3,ok,16.7,2.1,9.3,1020.1,468.8
2026-08-24T11:00,24.2,0.0,57.2,ok,15.2,4.0,11.1,1019.8,536.0
2026-08-24T12:00,25.2,0.0,53.0,ok,15.0,4.5,13.0,1019.3,635.3
2026-08-24T13:00,26.0,0.0,52.2,ok,15.4,4.9,11.1,1019.0,634.3
2026-08-24T14:00,27.4,0.0,47.8,ok,15.3,2.7,9.3,1018.7,572.5
2026-08-24T15:00,28.2,0.0,46.8,ok,15.7,2.3,9.3,1018.0,539.6
2026-08-24T16:00,28.2,0.0,45.1,ok,15.2,2.0,9.3,1017.7,424.2
2026-08-24T17:00,28.1,0.0,46.4,ok,15.4,1.8,7.2,1017.3,258.5
2026-08-24T18:00,25.2,0.0,55.2,ok,15.5,2.4,5.5,1016.8,59.9
2026-08-24T19:00,22.0,0.0,68.0,ok,15.7,3.6,7.2,1016.6,18.8
2026-08-24T20:00,18.9,0.0,80.8,ok,15.5,1.9,5.5,1017.1,0.0
2026-08-24T21:00,16.8,0.0,88.3,ok,14.8,2.1,5.5,1017.6,0.0
2026-08-24T22:00,15.8,0.0,92.2,ok,14.5,1.0,5.5,1017.3,0.0
2026-08-24T23:00,15.4,0.0,93.7,ok,14.4,1.2,3.5,1017.4,0.0
2026-08-25T00:00,15.4,0.0,94.5,ok,14.5,0.8,3.5,1017.1,0.0
2026-08-25T01:00,15.0,0.0,95.2,ok,14.3,1.4,5.5,1016.4,0.0
2026-08-25T02:00,14.7,0.0,95.5,ok,14.0,1.0,3.5,1015.4,0.0
2026-08-25T03:00,13.7,0.0,96.9,ok,13.2,1.6,5.5,1014.6,0.0
2026-08-25T04:00,13.3,0.0,97.9,ok,13.0,1.1,3.5,1013.9,0.0
2026-08-25T05:00,12.8,0.0,98.0,ok,12.5,1.5,5.5,1013.6,0.0
2026-08-25T06:00,13.5,0.0,98.2,ok,13.2,0.7,3.5,1013.3,7.0
2026-08-25T07:00,14.7,0.0,95.0,ok,13.9,1.1,5.5,1014.0,19.6
2026-08-25T08:00,15.6,1.0,94.4,ok,14.7,1.6,7.2,1013.6,24.5
2026-08-25T09:00,15.8,0.3,97.7,ok,15.4,0.5,3.5,1013.7,92.2
2026-08-25T10:00,18.2,0.0,92.2,ok,16.9,1.0,5.5,1013.4,424.5
2026-08-25T11:00,21.2,0.0,82.5,ok,18.0,2.1,7.2,1012.8,477.0
2026-08-25T12:00,23.1,0.0,75.6,ok,18.6,2.5,7.2,1012.2,539.0
2026-08-25T13:00,24.7,0.0,70.2,ok,18.8,1.8,7.2,1012.2,516.4
2026-08-25T14:00,26.3,0.0,66.2,ok,19.5,2.5,9.3,1011.6,514.0
2026-08-25T15:00,24.8,0.0,69.2,ok,18.8,1.9,9.3,1011.7,131.4
2026-08-25T16:00,23.1,0.0,79.3,ok,19.3,2.4,7.2,1012.1,141.2
2026-08-25T17:00,22.6,0.0,83.1,ok,19.6,1.5,7.2,1012.2,102.1
2026-08-25T18:00,22.1,0.0,88.1,ok,20.0,1.1,5.5,1012.5,56.4
2026-08-25T19:00,20.8,0.0,93.8,ok,19.8,0.9,5.5,1012.8,8.6
2026-08-25T20:00,20.5,0.0,93.8,ok,19.5,0.9,7.2,1013.0,0.0
2026-08-25T21:00,19.7,0.0,95.2,ok,18.9,1.1,3.5,1014.0,0.0
2026-08-25T22:00,19.6,0.0,96.0,ok,18.9,0.2,3.5,1014.8,0.0
2026-08-25T23:00,19.3,0.0,96.7,ok,18.7,0.1,1.8,1015.1,0.0
2026-08-26T00:00,18.7,0.0,97.7,ok,18.3,0.3,1.8,1015.5,0.0
2026-08-26T01:00,18.2,0.0,98.3,ok,17.9,0.3,1.8,1015.4,0.0
2026-08-26T02:00,17.6,0.0,99.0,ok,17.4,0.2,1.8,1015.6,0.0
2026-08-26T03:00,17.0,0.0,99.0,ok,16.8,0.2,3.5,1016.2,0.0
2026-08-26T04:00,16.2,0.0,99.0,ok,16.0,0.2,3.5,1016.8,0.0
2026-08-26T05:00,16.0,0.0,99.0,ok,15.8,0.2,3.5,1017.1,0.0
2026-08-26T06:00,16.1,0.0,99.0,ok,15.9,0.2,1.8,1017.5,8.7
2026-08-26T07:00,16.1,0.0,99.0,ok,15.9,0.2,3.5,1017.8,55.3
2026-08-26T08:00,17.4,0.0,96.9,ok,16.9,0.2,3.5,1018.1,120.0
2026-08-26T09:00,21.0,0.0,87.2,ok,18.7,1.1,5.5,1018.4,380.0
2026-08-26T10:00,23.1,0.0,79.2,ok,19.2,1.8,7.2,1018.3,436.7
2026-08-26T11:00,24.5,0.0,74.2,ok,19.6,1.5,7.2,1018.3,543.0
2026-08-26T12:00,26.1,0.0,68.4,ok,19.8,1.7,5.5,1018.0,624.3
2026-08-26T13:00,27.3,0.0,66.3,ok,20.5,1.9,5.5,1017.4,550.6
2026-08-26T14:00,28.6,0.0,61.8,ok,20.6,1.7,7.2,1017.1,551.9
2026-08-26T15:00,29.5,0.0,57.4,ok,20.2,1.5,5.5,1016.8,533.0
2026-08-26T16:00,30.0,0.0,52.2,ok,19.2,1.8,7.2,1016.5,416.9
2026-08-26T17:00,29.3,0.0,54.1,ok,19.1,1.7,7.2,1016.2,249.2
2026-08-26T18:00,27.1,0.0,62.4,ok,19.2,1.3,9.3,1016.2,43.4
2026-08-26T19:00,23.6,0.0,80.2,ok,19.9,2.7,5.5,1016.6,15.1
2026-08-26T20:00,21.2,0.0,88.4,ok,19.2,3.0,7.2,1017.0,0.0
2026-08-26T21:00,20.1,0.0,91.6,ok,18.7,1.6,3.5,1017.5,0.0
2026-08-26T22:00,18.9,0.0,94.4,ok,18.0,1.1,3.5,1017.9,0.0
2026-08-26T23:00,18.1,0.0,95.7,ok,17.4,1.1,3.5,1018.1,0.0
2026-08-27T00:00,18.0,0.0,96.4,ok,17.4,1.0,3.5,1017.9,0.0
2026-08-27T01:00,18.3,0.0,96.2,ok,17.6,0.6,3.5,1017.8,0.0
2026-08-27T02:00,17.6,0.0,97.3,ok,17.1,0.5,3.5,1017.7,0.0
2026-08-27T03:00,16.5,0.0,98.6,ok,16.2,0.8,3.5,1017.5,0.0
2026-08-27T04:00,15.8,0.0,99.0,ok,15.6,1.3,5.5,1017.3,0.0
2026-08-27T05:00,15.4,0.0,99.0,ok,15.2,0.8,3.5,1017.2,0.0
2026-08-27T06:00,15.2,0.0,99.0,ok,15.1,1.1,3.5,1017.4,9.2
2026-08-27T07:00,16.0,0.0,99.0,ok,15.8,0.8,5.5,1017.6,31.2
2026-08-27T08:00,18.4,0.0,95.2,ok,17.6,0.2,3.5,1017.7,68.4
2026-08-27T09:00,22.3,0.0,82.8,ok,19.2,0.8,3.5,1017.5,320.1
2026-08-27T10:00,25.1,0.0,72.5,ok,19.8,1.0,5.5,1017.2,310.4
2026-08-27T11:00,26.6,0.0,68.6,ok,20.3,1.0,3.5,1017.2,429.3
2026-08-27T12:00,28.5,0.0,62.2,ok,20.6,2.0,11.1,1016.9,557.0
2026-08-27T13:00,29.5,0.0,58.0,ok,20.3,3.4,11.1,1016.3,528.3
2026-08-27T14:00,30.5,0.0,56.5,ok,20.8,3.5,14.8,1015.8,535.4
2026-08-27T15:00,30.6,0.0,55.4,ok,20.6,6.1,21.9,1015.5,492.3
2026-08-27T16:00,30.3,0.0,53.3,ok,19.8,5.6,18.3,1015.5,350.9
2026-08-27T17:00,28.8,0.0,55.7,ok,19.1,5.2,13.0,1015.6,138.0
2026-08-27T18:00,27.7,0.0,63.3,ok,20.0,4.7,23.8,1015.8,58.2
2026-08-27T19:00,26.8,0.0,64.6,ok,19.5,4.8,18.3,1015.9,8.8
2026-08-27T20:00,26.0,0.0,68.9,ok,19.8,3.6,14.8,1016.4,0.0
2026-08-27T21:00,25.8,0.0,69.0,ok,19.7,3.0,13.0,1016.6,0.0
2026-08-27T22:00,24.8,0.0,72.3,ok,19.4,2.1,11.1,1016.7,0.0
2026-08-27T23:00,21.3,0.0,85.7,ok,18.8,1.2,5.5,1016.9,0.0
2026-08-28T00:00,19.5,0.0,92.2,ok,18.2,0.6,3.5,1016.9,0.0
2026-08-28T01:00,18.5,0.0,94.8,ok,17.6,0.6,3.5,1016.6,0.0
2026-08-28T02:00,17.7,0.0,96.5,ok,17.1,1.0,5.5,1016.3,0.0
2026-08-28T03:00,17.6,0.0,96.8,ok,17.1,1.7,5.5,1016.0,0.0
2026-08-28T04:00,17.5,0.0,96.7,ok,17.0,1.6,5.5,1015.7,0.0
2026-08-28T05:00,16.9,0.0,97.8,ok,16.6,1.3,3.5,1015.4,0.0
2026-08-28T06:00,16.7,0.0,98.0,ok,16.4,0.7,3.5,1015.7,9.3
2026-08-28T07:00,17.9,0.0,97.2,ok,17.4,0.2,7.2,1016.2,74.1
2026-08-28T08:00,20.5,0.0,91.0,ok,18.9,1.1,5.5,1016.4,149.1
2026-08-28T09:00,22.4,0.0,86.0,ok,19.9,0.6,5.5,1016.0,194.5
2026-08-28T10:00,24.2,0.0,82.1,ok,20.9,1.1,5.5,1015.7,256.6
2026-08-28T11:00,24.8,0.0,81.2,ok,21.4,2.8,9.3,1015.4,206.9
2026-08-28T12:00,26.4,0.0,77.4,ok,22.1,3.7,13.0,1014.9,498.6
2026-08-28T13:00,28.5,0.0,69.6,ok,22.4,2.4,7.2,1014.1,388.8
2026-08-28T14:00,28.4,0.0,73.8,ok,23.3,3.6,9.3,1013.8,231.0
2026-08-28T15:00,28.4,0.0,76.0,ok,23.8,1.5,5.5,1013.5,204.1
2026-08-28T16:00,31.8,0.0,61.4,ok,23.4,3.3,16.6,1012.9,410.5
2026-08-28T17:00,31.5,0.0,57.0,ok,21.9,3.4,11.1,1012.4,228.5
2026-08-28T18:00,29.5,0.0,59.7,ok,20.8,1.5,5.5,1012.6,64.4
2026-08-28T19:00,27.8,0.0,63.7,ok,20.3,3.0,13.0,1013.0,6.1
2026-08-28T20:00,27.7,0.0,64.5,ok,20.4,5.4,20.1,1013.2,0.0
2026-08-28T21:00,27.3,0.0,66.8,ok,20.6,4.1,16.6,1013.4,0.0
2026-08-28T22:00,26.8,0.0,68.6,ok,20.5,4.3,21.9,1013.6,0.0
2026-08-28T23:00,24.5,0.0,79.2,ok,20.6,4.5,18.3,1014.5,0.0
2026-08-29T00:00,21.6,0.0,90.8,ok,20.0,2.9,9.3,1013.6,0.0
2026-08-29T01:00,20.7,0.0,89.1,ok,18.8,3.4,9.3,1013.1,0.0
2026-08-29T02:00,19.6,0.0,92.8,ok,18.4,0.7,3.5,1013.1,0.0
2026-08-29T03:00,19.0,0.0,95.2,ok,18.2,0.6,3.5,1013.2,0.0
2026-08-29T04:00,18.5,0.0,96.3,ok,17.9,1.1,5.5,1013.6,0.0
2026-08-29T05:00,17.6,0.0,97.8,ok,17.2,1.3,3.5,1013.9,0.0
2026-08-29T06:00,17.8,0.0,97.8,ok,17.4,1.2,5.5,1014.5,7.6
2026-08-29T07:00,19.0,0.0,95.8,ok,18.3,2.1,7.2,1015.2,54.1
2026-08-29T08:00,21.0,0.0,90.3,ok,19.4,1.2,5.5,1015.6,106.7
2026-08-29T09:00,21.8,0.0,82.2,ok,18.6,2.7,7.2,1016.1,124.7
2026-08-29T10:00,23.2,0.0,74.6,ok,18.4,2.2,7.2,1016.8,387.5
2026-08-29T11:00,23.8,0.0,72.0,ok,18.4,3.2,13.0,1017.2,476.9
2026-08-29T12:00,23.0,0.0,75.8,ok,18.4,3.0,9.3,1017.4,378.5
2026-08-29T13:00,21.7,0.0,76.3,ok,17.4,3.2,9.3,1017.8,324.3
2026-08-29T14:00,23.7,0.0,64.1,ok,16.5,2.6,14.8,1017.7,553.9
2026-08-29T15:00,23.7,0.0,59.1,ok,15.2,4.5,14.8,1017.3,511.6
2026-08-29T16:00,24.8,0.0,55.5,ok,15.3,3.3,13.0,1016.8,428.2
2026-08-29T17:00,23.9,0.0,57.6,ok,15.0,3.1,7.2,1016.6,232.3
2026-08-29T18:00,22.0,0.0,65.6,ok,15.2,2.9,7.2,1016.3,36.9
2026-08-29T19:00,19.5,0.0,75.2,ok,14.9,2.4,5.5,1016.4,9.4
2026-08-29T20:00,16.9,0.0,86.4,ok,14.5,1.3,5.5,1016.9,0.0
2026-08-29T21:00,15.5,0.0,91.0,ok,14.0,2.2,5.5,1017.5,0.0
2026-08-29T22:00,14.9,0.0,93.2,ok,13.8,1.1,3.5,1017.4,0.0
2026-08-29T23:00,14.0,0.0,95.1,ok,13.3,1.7,3.5,1017.6,0.0
2026-08-30T00:00,13.8,0.0,96.0,ok,13.1,1.8,3.5,1017.5,0.0
2026-08-30T01:00,13.5,0.0,96.8,ok,13.1,1.1,3.5,1017.5,0.0
2026-08-30T02:00,12.9,0.0,97.7,ok,12.6,1.9,3.5,1017.5,0.0
2026-08-30T03:00,12.8,0.0,98.0,ok,12.4,0.9,3.5,1017.5,0.0
2026-08-30T04:00,12.4,0.0,98.5,ok,12.1,1.4,3.5,1017.5,0.0
2026-08-30T05:00,12.1,0.0,99.0,ok,11.9,0.9,3.5,1017.5,0.0
2026-08-30T06:00,12.1,0.0,99.0,ok,12.0,0.7,3.5,1017.5,8.2
2026-08-30T07:00,13.0,0.0,98.7,ok,12.8,0.9,3.5,1017.7,34.1
2026-08-30T08:00,15.9,0.0,93.2,ok,14.8,0.5,3.5,1017.6,68.2
2026-08-30T09:00,20.0,0.0,82.1,ok,16.8,1.0,3.5,1017.6,226.2
2026-08-30T10:00,23.2,0.0,72.4,ok,18.0,1.5,5.5,1017.6,423.2
2026-08-30T11:00,25.1,0.0,63.9,ok,17.8,3.6,9.3,1017.4,491.9
2026-08-30T12:00,26.3,0.0,60.4,ok,18.0,5.3,13.0,1016.9,610.1
2026-08-30T13:00,27.4,0.0,58.0,ok,18.4,5.0,11.1,1016.4,620.6
2026-08-30T14:00,28.3,0.0,56.1,ok,18.7,5.0,11.1,1016.0,587.1
2026-08-30T15:00,28.8,0.0,54.2,ok,18.6,4.7,13.0,1015.7,503.1
2026-08-30T16:00,29.2,0.0,52.5,ok,18.6,3.5,11.1,1015.3,391.8
2026-08-30T17:00,28.8,0.0,54.3,ok,18.7,3.6,7.2,1014.9,213.7
2026-08-30T18:00,26.6,0.0,61.2,ok,18.5,2.0,5.5,1014.8,35.4
2026-08-30T19:00,22.9,0.0,75.9,ok,18.4,2.9,7.2,1014.9,9.2
2026-08-30T20:00,19.9,0.0,86.8,ok,17.7,2.5,5.5,1015.6,0.0
2026-08-30T21:00,18.3,0.0,91.7,ok,16.9,1.7,3.5,1016.2,0.0
2026-08-30T22:00,17.1,0.0,94.4,ok,16.2,1.8,3.5,1016.4,0.0
2026-08-30T23:00,16.5,0.0,95.6,ok,15.8,1.2,3.5,1016.5,0.0
2026-08-31T00:00,15.8,0.0,96.9,ok,15.3,1.4,3.5,1016.7,0.0
2026-08-31T01:00,15.3,0.0,97.8,ok,14.9,1.7,3.5,1016.5,0.0
2026-08-31T02:00,15.3,0.0,98.0,ok,15.0,1.2,3.5,1016.2,0.0
2026-08-31T03:00,14.7,0.0,98.3,ok,14.5,0.8,3.5,1016.0,0.0
2026-08-31T04:00,14.3,0.0,98.7,ok,14.1,1.8,3.5,1015.6,0.0
2026-08-31T05:00,13.7,0.0,99.0,ok,13.5,1.6,3.5,1015.5,0.0
2026-08-31T06:00,13.3,0.0,99.0,ok,13.2,1.8,3.5,1015.4,4.6
2026-08-31T08:00,18.6,0.0,89.3,ok,16.8,0.2,1.8,1015.5,84.1
2026-08-31T09:00,21.8,0.0,80.8,ok,18.3,0.9,5.5,1015.5,216.0
2026-08-31T10:00,25.1,0.0,69.9,ok,19.2,1.5,5.5,1015.7,426.5
2026-08-31T11:00,28.0,0.0,59.6,ok,19.4,3.6,11.1,1015.6,442.9
2026-08-31T12:00,29.1,0.0,54.5,ok,18.9,3.6,9.3,1015.1,555.1
2026-08-31T13:00,30.2,0.0,51.7,ok,19.1,3.9,11.1,1014.6,510.1
2026-08-31T14:00,31.6,0.0,45.8,ok,18.4,3.3,11.1,1014.3,555.0
2026-08-31T15:00,31.8,0.0,42.2,ok,17.4,3.6,11.1,1013.9,507.3
2026-08-31T16:00,31.7,0.0,41.2,ok,16.8,3.4,11.1,1013.6,393.4
2026-08-31T17:00,31.4,0.0,39.6,ok,15.9,2.2,7.2,1013.4,212.7
2026-08-31T18:00,27.2,0.0,55.3,ok,17.4,2.5,5.5,1013.2,34.9
2026-08-31T19:00,22.4,0.0,74.2,ok,17.6,3.4,7.2,1013.1,8.6
2026-08-31T20:00,21.7,0.0,77.2,ok,17.6,1.3,5.5,1013.8,0.0
2026-08-31T21:00,21.6,0.0,78.7,ok,17.7,1.0,3.5,1015.1,0.0
2026-08-31T22:00,20.4,0.0,82.9,ok,17.4,1.7,7.2,1016.5,0.0
2026-08-31T23:00,21.5,0.0,75.1,ok,16.9,2.4,9.3,1017.6,0.0
2026-09-01T00:00,21.6,0.0,65.1,ok,14.8,3.1,13.0,1018.1,0.0
2026-09-01T01:00,20.1,0.0,71.1,ok,14.7,0.5,7.2,1018.6,0.0
2026-09-01T02:00,17.9,0.0,87.9,ok,15.8,2.5,7.2,1019.2,0.0
2026-09-01T03:00,16.4,0.0,97.8,ok,16.0,2.4,7.2,1019.6,0.0
2026-09-01T04:00,15.9,0.0,98.8,ok,15.7,1.2,5.5,1019.8,0.0
2026-09-01T05:00,15.8,0.0,99.0,ok,15.6,0.3,5.5,1020.2,0.0
2026-09-01T06:00,15.8,0.0,99.0,ok,15.7,0.7,5.5,1020.7,1.4
2026-09-01T07:00,15.9,1.0,99.0,ok,15.8,0.4,3.5,1021.2,11.4
2026-09-01T08:00,16.1,0.0,99.0,ok,15.9,1.2,5.5,1021.5,81.8
2026-09-01T09:00,17.5,0.0,95.6,ok,16.8,0.7,5.5,1021.6,209.2
2026-09-01T10:00,20.3,0.0,86.6,ok,17.9,1.4,5.5,1021.6,506.1
2026-09-01T11:00,22.4,0.0,73.1,ok,17.3,1.4,5.5,1021.6,504.5
2026-09-01T12:00,24.4,0.0,60.2,ok,16.1,3.0,11.1,1021.1,583.2
2026-09-01T13:00,26.0,0.0,53.8,ok,15.9,3.0,7.2,1020.5,547.2
2026-09-01T14:00,26.3,0.0,51.9,ok,15.6,3.2,9.3,1020.1,485.8
2026-09-01T15:00,27.5,0.0,48.9,ok,15.8,4.1,13.0,1019.6,563.2
2026-09-01T16:00,27.6,0.0,48.9,ok,15.9,3.9,11.1,1019.3,383.0
2026-09-01T17:00,27.1,0.0,49.9,ok,15.7,2.6,9.3,1019.1,203.0
2026-09-01T18:00,24.2,0.0,61.4,ok,16.2,2.7,5.5,1018.9,36.2
2026-09-01T19:00,20.1,0.0,77.9,ok,16.1,3.5,9.3,1018.9,7.7
2026-09-01T20:00,18.0,0.0,85.8,ok,15.6,2.1,5.5,1019.6,0.0
2026-09-01T21:00,16.3,0.0,91.3,ok,14.8,2.6,5.5,1020.1,0.0
2026-09-01T22:00,15.3,0.0,94.1,ok,14.4,1.5,5.5,1020.7,0.0
2026-09-01T23:00,15.0,0.0,94.8,ok,14.2,1.2,3.5,1020.9,0.0
2026-09-02T00:00,14.2,0.0,96.4,partial,13.7,0.7,5.5,1021.0,0.0
2026-09-02T01:00,14.4,0.0,97.0,partial,13.9,0.9,3.5,1021.2,0.0
2026-09-02T02:00,15.2,0.0,96.1,partial,14.7,1.1,5.5,1021.9,0.0
2026-09-02T06:00,15.3,0.0,99.0,partial,15.1,0.0,0.0,1021.4,4.4
2026-09-02T07:00,15.5,0.0,99.0,partial,15.3,0.1,1.8,1021.5,38.0
2026-09-02T08:00,15.9,0.0,99.0,partial,15.8,0.4,5.5,1021.6,103.5
2026-09-02T09:00,17.3,0.0,97.4,partial,16.9,0.7,3.5,1021.8,207.1
2026-09-02T10:00,20.0,0.0,88.7,partial,18.0,1.4,5.5,1021.9,411.1
2026-09-02T11:00,22.2,9.7,80.2,partial,18.6,2.0,7.2,1021.6,424.8
2026-09-02T12:00,23.4,0.0,69.6,partial,17.5,4.4,9.3,1021.1,603.1
2026-09-02T13:00,25.1,0.0,60.8,partial,17.0,3.3,9.3,1020.3,567.1
2026-09-02T14:00,26.0,0.0,60.2,partial,17.7,3.7,11.1,1019.6,508.3
2026-09-02T15:00,26.8,0.0,59.3,partial,18.2,2.9,7.2,1018.9,513.5
2026-09-02T16:00,26.5,0.0,60.0,partial,18.1,3.4,9.3,1018.3,280.3
2026-09-02T17:00,26.0,0.0,62.8,partial,18.3,3.1,11.1,1018.1,185.3
2026-09-02T18:00,24.2,0.0,72.9,partial,19.0,2.0,5.5,1018.2,66.0
2026-09-02T19:00,21.0,0.0,85.7,partial,18.4,1.9,5.5,1018.4,5.6
2026-09-02T20:00,19.6,0.0,89.9,partial,17.9,1.1,3.5,1019.2,0.0
2026-09-02T21:00,18.3,0.0,93.3,partial,17.2,1.3,3.5,1019.6,0.0
2026-09-02T22:00,17.8,0.0,94.4,partial,16.9,1.4,3.5,1019.7,0.0
2026-09-02T23:00,17.6,0.0,95.5,partial,16.8,1.0,3.5,1019.8,0.0
2026-09-03T00:00,17.1,0.0,96.6,ok,16.5,0.7,3.5,1020.1,0.0
2026-09-03T01:00,16.7,0.0,97.2,ok,16.2,1.1,3.5,1020.4,0.0
2026-09-03T02:00,17.0,0.0,97.1,ok,16.5,1.4,5.5,1020.5,0.0
2026-09-03T03:00,17.0,0.0,96.8,ok,16.5,1.0,7.2,1020.1,0.0
2026-09-03T04:00,17.0,0.0,96.1,ok,16.4,1.6,5.5,1020.4,0.0
2026-09-03T05:00,16.4,0.0,96.2,ok,15.8,0.4,3.5,1020.5,0.0
2026-09-03T06:00,14.8,0.0,98.6,ok,14.6,0.8,3.5,1020.8,8.6
2026-09-03T07:00,15.3,0.0,98.8,ok,15.1,0.5,3.5,1021.1,45.4
2026-09-03T08:00,17.3,0.0,95.1,ok,16.5,0.5,1.8,1021.3,116.3
2026-09-03T09:00,19.8,0.0,85.5,ok,17.3,1.5,7.2,1021.5,152.5
2026-09-03T10:00,22.3,0.0,78.2,ok,18.3,2.2,7.2,1021.3,488.6
2026-09-03T11:00,24.9,0.0,67.2,ok,18.3,2.2,7.2,1020.8,403.1
2026-09-03T12:00,26.4,0.0,51.6,ok,15.6,4.5,11.1,1020.1,604.2
2026-09-03T13:00,28.2,0.0,49.0,ok,16.4,2.8,9.3,1019.4,514.8
2026-09-03T14:00,28.4,0.0,45.9,ok,15.7,4.1,14.8,1019.0,533.5
2026-09-03T15:00,29.6,0.0,44.2,ok,16.1,2.2,7.2,1018.7,542.9
2026-09-03T16:00,28.9,0.0,47.4,ok,16.6,2.2,9.3,1018.3,316.4
2026-09-03T17:00,28.1,0.0,52.5,ok,17.5,0.9,3.5,1018.2,188.0
2026-09-03T18:00,24.8,0.0,67.6,ok,18.3,1.4,5.5,1018.1,33.1
2026-09-03T19:00,20.6,0.0,82.2,ok,17.5,2.7,5.5,1018.5,6.1
2026-09-03T20:00,18.1,0.0,89.3,ok,16.3,2.3,5.5,1019.0,0.0
2026-09-03T21:00,16.9,0.0,92.0,ok,15.6,2.1,3.5,1019.3,0.0
2026-09-03T22:00,16.9,0.0,92.9,ok,15.8,1.2,3.5,1019.6,0.0
2026-09-03T23:00,17.6,0.0,92.3,ok,16.3,1.0,3.5,1020.0,0.0
2026-09-04T00:00,17.3,0.0,93.8,ok,16.3,0.7,3.5,1020.2,0.0
2026-09-04T01:00,17.5,0.0,93.9,ok,16.5,0.3,3.5,1020.3,0.0
2026-09-04T02:00,17.2,0.0,95.0,ok,16.3,1.4,3.5,1020.2,0.0
2026-09-04T03:00,16.6,0.0,95.8,ok,15.9,1.6,5.5,1020.2,0.0
2026-09-04T04:00,16.7,0.0,95.2,ok,16.0,1.5,5.5,1020.6,0.0
2026-09-04T05:00,15.9,0.0,96.1,ok,15.2,0.7,3.5,1020.4,0.0
2026-09-04T06:00,14.7,0.0,97.6,ok,14.3,0.8,3.5,1020.7,9.3
2026-09-04T07:00,15.5,0.0,97.1,ok,15.0,0.8,3.5,1021.2,43.6
2026-09-04T08:00,17.7,0.0,90.9,ok,16.2,0.9,5.5,1021.1,81.2
2026-09-04T09:00,21.3,0.0,77.8,ok,17.2,1.5,5.5,1020.9,145.5
2026-09-04T10:00,24.3,0.0,64.7,ok,17.2,1.7,5.5,1020.9,419.7
2026-09-04T11:00,26.8,0.0,58.8,ok,18.0,2.2,7.2,1020.4,347.5
2026-09-04T12:00,28.5,0.0,52.3,ok,17.8,1.8,5.5,1019.8,467.3
2026-09-04T13:00,29.7,0.0,49.3,ok,17.9,4.1,14.8,1019.1,445.9
2026-09-04T14:00,30.1,0.0,47.6,ok,17.7,6.5,14.8,1018.3,555.3
2026-09-04T15:00,30.4,0.0,46.9,ok,17.8,5.9,18.3,1017.5,509.1
2026-09-04T16:00,30.3,0.0,50.6,ok,19.0,6.4,16.6,1016.9,381.2
2026-09-04T17:00,29.8,0.0,51.9,ok,18.9,6.4,18.3,1016.3,181.4
2026-09-04T18:00,28.5,0.0,54.5,ok,18.4,4.7,13.0,1016.0,31.1
2026-09-04T19:00,27.2,0.0,57.8,ok,18.1,3.9,20.1,1016.1,6.6
2026-09-04T20:00,26.4,0.0,59.8,ok,17.9,4.3,16.6,1016.4,0.0
2026-09-04T21:00,25.8,0.0,62.4,ok,18.1,4.0,16.6,1016.3,0.0
2026-09-04T22:00,25.1,0.0,64.2,ok,17.9,4.9,18.3,1016.0,0.0
2026-09-04T23:00,24.6,0.0,65.5,ok,17.7,4.2,20.1,1015.8,0.0
2026-09-05T00:00,24.1,0.0,67.4,ok,17.6,3.8,14.8,1015.8,0.0
2026-09-05T01:00,22.2,0.0,74.0,ok,17.3,1.8,7.2,1015.6,0.0
2026-09-05T02:00,20.1,0.0,80.8,ok,16.7,2.3,5.5,1015.6,0.0
2026-09-05T03:00,19.0,0.0,83.2,ok,16.1,1.0,5.5,1015.6,0.0
2026-09-05T04:00,17.5,0.0,89.4,ok,15.8,0.8,5.5,1015.7,0.0
2026-09-05T05:00,16.3,0.0,93.5,ok,15.3,1.0,3.5,1015.8,0.0
2026-09-05T06:00,15.7,0.0,95.3,ok,15.0,1.0,3.5,1016.1,6.5
2026-09-05T07:00,16.3,0.0,94.8,ok,15.5,0.8,3.5,1016.6,35.7
2026-09-05T08:00,19.4,0.0,85.8,ok,16.9,0.7,5.5,1016.8,106.1
2026-09-05T09:00,22.6,0.0,77.6,ok,18.5,1.3,5.5,1017.0,153.7
2026-09-05T10:00,25.5,0.0,69.5,ok,19.5,0.9,3.5,1017.3,294.1
2026-09-05T11:00,27.1,0.0,66.2,ok,20.3,5.0,16.6,1018.0,455.0
2026-09-05T12:00,27.4,0.0,60.5,ok,19.1,5.2,18.3,1018.4,529.1
2026-09-05T13:00,26.8,0.0,54.8,ok,16.9,4.2,14.8,1018.9,514.0
2026-09-05T14:00,21.2,0.0,82.7,ok,17.8,5.5,20.1,1019.7,110.5
2026-09-05T15:00,18.8,0.0,97.8,ok,18.4,0.8,7.2,1020.3,99.1
2026-09-05T16:00,19.0,0.0,97.7,ok,18.6,0.3,3.5,1020.1,166.2
2026-09-05T17:00,19.6,0.0,97.0,ok,19.1,1.4,5.5,1020.0,32.4
2026-09-05T18:00,19.2,0.0,97.0,ok,18.7,0.0,0.0,1020.1,33.4
2026-09-05T19:00,18.8,0.0,98.0,ok,18.4,1.3,3.5,1020.5,6.1
2026-09-05T20:00,18.2,0.0,99.0,ok,18.1,0.5,3.5,1021.3,0.0
2026-09-05T21:00,17.7,0.0,99.0,ok,17.5,0.4,3.5,1021.9,0.0
2026-09-05T22:00,17.5,0.2,99.0,ok,17.3,0.0,0.0,1022.4,0.0
2026-09-05T23:00,17.4,0.0,99.0,ok,17.2,0.0,0.0,1022.5,0.0
2026-09-06T00:00,17.0,0.0,99.0,partial,16.8,1.8,1.8,1023.0,0.0
2026-09-06T08:00,16.3,0.0,99.0,partial,16.2,0.3,3.5,1025.5,94.2
2026-09-06T09:00,18.0,0.0,98.3,partial,17.8,1.3,5.5,1025.6,241.8
2026-09-06T10:00,21.3,0.0,83.6,partial,18.3,4.3,11.1,1025.6,424.7
2026-09-06T11:00,23.2,0.0,73.2,partial,18.1,4.6,9.3,1025.2,495.8
2026-09-06T12:00,25.0,0.0,63.4,partial,17.6,2.4,9.3,1024.6,565.6
2026-09-06T13:00,26.1,0.0,59.8,partial,17.6,3.1,14.8,1024.2,409.5
2026-09-06T14:00,27.2,0.0,56.3,partial,17.8,2.5,9.3,1023.9,529.5
2026-09-06T15:00,28.5,0.0,51.7,partial,17.6,1.7,7.2,1023.4,513.8
2026-09-06T16:00,28.7,0.0,50.8,partial,17.5,2.1,7.2,1023.1,389.9
2026-09-06T17:00,28.2,0.0,51.8,partial,17.3,1.2,5.5,1022.9,186.0
2026-09-06T18:00,25.0,0.0,61.8,partial,17.2,2.1,7.2,1023.0,32.4
2026-09-06T19:00,21.3,0.0,77.2,partial,17.1,2.4,5.5,1023.4,5.0
2026-09-06T20:00,18.6,0.0,87.5,partial,16.5,1.2,3.5,1024.1,0.0
2026-09-06T21:00,17.0,0.0,92.2,partial,15.7,1.9,3.5,1024.7,0.0
2026-09-06T22:00,16.3,0.0,94.2,partial,15.4,1.6,3.5,1025.1,0.0
2026-09-06T23:00,15.2,0.0,96.4,partial,14.6,0.8,3.5,1025.5,0.0
2026-09-07T00:00,14.5,0.0,97.6,ok,14.1,1.1,3.5,1025.7,0.0
2026-09-07T01:00,13.9,0.0,98.4,ok,13.7,1.6,3.5,1025.7,0.0
2026-09-07T02:00,13.5,0.0,99.0,ok,13.3,1.2,3.5,1025.7,0.0
2026-09-07T03:00,12.9,0.0,99.0,ok,12.8,0.5,1.8,1025.7,0.0
2026-09-07T04:00,12.5,0.0,99.0,ok,12.3,0.7,3.5,1025.6,0.0
2026-09-07T05:00,12.2,0.0,99.0,ok,12.0,0.4,1.8,1025.5,0.0
2026-09-07T06:00,11.7,0.0,99.0,ok,11.5,1.0,3.5,1025.3,4.8
2026-09-07T07:00,12.3,0.0,99.0,ok,12.2,0.4,1.8,1025.3,27.8
2026-09-07T08:00,14.5,0.0,97.8,ok,14.2,0.3,1.8,1025.3,52.7
2026-09-07T09:00,18.6,0.0,86.0,ok,16.2,0.8,5.5,1025.0,113.8
2026-09-07T10:00,21.7,0.0,71.1,ok,16.2,2.1,11.1,1024.6,437.3
2026-09-07T11:00,23.3,0.0,61.8,ok,15.6,3.4,9.3,1024.2,461.1
2026-09-07T12:00,25.2,0.0,57.6,ok,16.3,3.5,11.1,1023.4,594.2
2026-09-07T13:00,27.0,0.0,54.6,ok,17.1,3.3,11.1,1022.8,579.0
2026-09-07T14:00,28.0,0.0,52.2,ok,17.3,4.1,11.1,1022.2,524.2
2026-09-07T15:00,28.5,0.0,51.2,ok,17.4,5.1,13.0,1021.7,486.0
2026-09-07T16:00,28.7,0.0,50.6,ok,17.4,4.8,11.1,1021.2,345.1
2026-09-07T17:00,28.0,0.0,53.8,ok,17.7,4.0,9.3,1020.8,165.5
2026-09-07T18:00,25.1,0.0,63.0,ok,17.6,3.7,7.2,1020.7,36.7
2026-09-07T19:00,21.5,0.0,77.9,ok,17.5,2.4,5.5,1020.7,4.3
2026-09-07T20:00,19.0,0.0,86.2,ok,16.7,2.4,5.5,1021.4,0.0
2026-09-07T21:00,17.7,0.0,90.4,ok,16.1,1.7,5.5,1021.6,0.0
2026-09-07T22:00,17.7,0.0,91.4,ok,16.3,1.6,5.5,1022.0,0.0
2026-09-07T23:00,18.6,0.0,89.4,ok,16.8,1.6,7.2,1022.4,0.0
2026-09-08T00:00,19.1,0.0,86.8,ok,16.9,2.6,7.2,1021.9,0.0
2026-09-08T01:00,18.6,0.0,88.5,ok,16.7,1.7,5.5,1021.2,0.0
2026-09-08T02:00,16.7,0.0,93.0,ok,15.6,2.1,5.5,1020.7,0.0
2026-09-08T03:00,15.8,0.0,94.2,ok,14.9,1.8,7.2,1020.6,0.0
2026-09-08T04:00,14.9,0.0,95.7,ok,14.2,1.7,5.5,1020.4,0.0
2026-09-08T05:00,14.3,0.0,97.1,ok,13.8,0.2,3.5,1020.2,0.0
2026-09-08T06:00,13.5,0.0,98.3,ok,13.2,0.6,3.5,1020.2,4.3
2026-09-08T07:00,14.0,0.0,98.8,ok,13.8,0.2,1.8,1020.1,28.2
2026-09-08T08:00,16.4,0.0,93.9,ok,15.4,0.5,5.5,1020.0,61.5
2026-09-08T09:00,20.2,0.0,81.1,ok,16.8,1.7,5.5,1019.6,195.6
2026-09-08T10:00,22.8,0.0,71.1,ok,17.3,2.3,7.2,1019.2,371.1
2026-09-08T11:00,25.5,0.0,62.8,ok,17.9,2.5,7.2,1018.3,375.2
2026-09-08T12:00,27.5,0.0,59.8,ok,19.0,3.2,9.3,1017.4,536.8
2026-09-08T13:00,29.4,0.0,55.0,ok,19.3,2.4,7.2,1016.4,436.9
2026-09-08T14:00,30.9,0.0,47.3,ok,18.3,2.1,5.5,1015.4,469.4
2026-09-08T15:00,32.3,0.0,40.7,ok,17.2,1.7,7.2,1014.6,495.3
2026-09-08T16:00,32.1,0.0,36.8,ok,15.5,3.4,11.1,1013.9,353.3
2026-09-08T17:00,31.1,0.0,42.7,ok,16.9,1.8,5.5,1013.2,161.8
2026-09-08T18:00,26.4,0.0,59.2,ok,17.7,3.0,7.2,1012.7,31.4
2026-09-08T19:00,21.6,0.0,77.4,ok,17.4,3.4,5.5,1012.6,4.2
2026-09-08T20:00,19.3,0.0,85.3,ok,16.8,2.1,5.5,1012.8,0.0
2026-09-08T21:00,18.2,0.0,88.0,ok,16.2,2.3,5.5,1012.9,0.0
2026-09-08T22:00,17.2,0.0,91.3,ok,15.8,2.3,5.5,1012.9,0.0
2026-09-08T23:00,16.5,0.0,93.4,ok,15.4,2.3,3.5,1012.8,0.0
2026-09-09T00:00,15.8,0.0,94.7,ok,15.0,1.9,5.5,1012.5,0.0
2026-09-09T01:00,15.3,0.0,95.8,ok,14.7,2.1,5.5,1012.2,0.0
2026-09-09T02:00,14.7,0.0,96.5,ok,14.2,2.1,5.5,1011.8,0.0
2026-09-09T03:00,14.6,0.0,97.0,ok,14.2,1.8,5.5,1011.3,0.0
2026-09-09T04:00,14.2,0.0,97.2,ok,13.8,1.4,3.5,1010.8,0.0
2026-09-09T05:00,13.8,0.0,98.0,ok,13.5,1.3,3.5,1010.7,0.0
2026-09-09T06:00,13.7,0.0,98.7,ok,13.4,0.9,5.5,1010.9,4.6
2026-09-09T07:00,14.3,0.0,98.2,ok,14.0,0.7,3.5,1011.1,34.2
2026-09-09T08:00,17.1,0.0,91.8,ok,15.8,0.9,5.5,1011.2,80.0
2026-09-09T09:00,21.4,16.5,79.8,ok,17.8,1.7,7.2,1010.8,210.0
2026-09-09T10:00,24.3,0.0,69.8,ok,18.4,2.3,9.3,1010.2,275.9
2026-09-09T11:00,25.6,0.0,66.2,ok,18.8,2.8,7.2,1010.2,337.7
2026-09-09T12:00,23.3,1.8,73.7,ok,18.0,5.0,29.5,1011.9,84.3
2026-09-09T13:00,18.2,1.8,95.8,ok,17.5,3.4,9.3,1011.5,51.6
2026-09-09T14:00,18.8,0.0,95.8,ok,18.1,1.7,9.3,1011.0,177.8
2026-09-09T15:00,21.2,0.0,87.8,ok,19.0,1.8,7.2,1010.4,392.8
2026-09-09T16:00,23.2,0.0,79.1,ok,19.3,1.5,5.5,1010.0,289.3
2026-09-09T17:00,22.7,0.0,72.8,ok,17.6,2.5,9.3,1009.7,74.0
2026-09-09T18:00,20.4,0.5,86.6,ok,18.0,1.4,7.2,1009.8,11.7
2026-09-09T19:00,18.3,0.0,96.4,ok,17.8,0.5,3.5,1009.9,2.8
2026-09-09T20:00,17.8,0.0,98.0,ok,17.4,0.7,3.5,1011.0,0.0
2026-09-09T21:00,17.7,0.0,98.0,ok,17.4,0.4,3.5,1012.0,0.0
2026-09-09T22:00,17.5,0.0,99.0,ok,17.3,0.2,1.8,1012.5,0.0
2026-09-09T23:00,17.4,0.0,99.0,ok,17.3,0.4,3.5,1012.9,0.0
2026-09-10T00:00,17.5,0.7,99.0,ok,17.3,1.2,5.5,1013.0,0.0
2026-09-10T01:00,17.3,0.0,99.0,ok,17.1,0.8,3.5,1013.3,0.0
2026-09-10T02:00,17.3,0.0,99.0,ok,17.1,0.0,0.0,1013.5,0.0
2026-09-10T03:00,17.0,1.0,99.0,ok,16.8,0.5,7.2,1013.8,0.0
2026-09-10T04:00,16.2,5.8,99.0,ok,16.1,0.8,5.5,1014.1,0.0
2026-09-10T05:00,15.3,2.8,99.0,ok,15.1,2.3,9.3,1014.4,0.0
2026-09-10T06:00,14.8,6.4,99.0,ok,14.7,2.9,11.1,1014.9,0.3
2026-09-10T07:00,14.1,6.7,99.0,ok,14.0,1.8,9.3,1015.8,7.4
2026-09-10T08:00,13.8,9.9,99.0,ok,13.6,2.2,11.1,1016.6,10.0
2026-09-10T09:00,13.5,2.6,99.0,ok,13.3,1.0,9.3,1017.6,7.1
2026-09-10T10:00,13.2,8.1,99.0,ok,13.0,1.3,5.5,1019.2,7.9
2026-09-10T11:00,13.0,8.1,99.0,ok,12.8,0.7,3.5,1019.3,33.5
2026-09-10T12:00,13.2,0.5,99.0,ok,13.1,0.4,3.5,1019.1,118.7
2026-09-10T13:00,13.3,0.0,99.0,ok,13.1,1.3,7.2,1019.6,74.7
2026-09-10T14:00,13.5,0.3,98.7,ok,13.3,0.8,3.5,1019.5,168.3
2026-09-10T15:00,14.0,0.0,96.5,ok,13.5,0.9,3.5,1019.2,157.1
2026-09-10T16:00,14.4,0.0,95.8,ok,13.8,0.2,1.8,1018.9,81.3
2026-09-10T17:00,14.1,0.0,96.4,ok,13.6,0.1,1.8,1018.4,29.2
2026-09-10T18:00,13.7,0.5,98.3,ok,13.4,0.1,1.8,1018.0,8.8
2026-09-10T19:00,13.2,0.8,99.0,ok,13.0,0.6,1.8,1017.7,0.5
2026-09-10T20:00,12.8,2.5,99.0,ok,12.7,0.8,3.5,1018.4,0.0
2026-09-10T21:00,12.4,7.8,99.0,ok,12.2,2.0,9.3,1018.6,0.0
2026-09-10T22:00,12.2,5.1,99.0,ok,12.0,0.5,3.5,1018.6,0.0
2026-09-10T23:00,12.0,7.1,99.0,ok,11.8,0.3,1.8,1018.4,0.0
2026-09-11T00:00,11.5,4.0,99.0,ok,11.4,0.2,3.5,1018.4,0.0
2026-09-11T01:00,11.5,3.1,99.0,ok,11.3,0.3,3.5,1018.0,0.0
2026-09-11T02:00,11.3,6.9,99.0,ok,11.1,0.1,1.8,1017.3,0.0
2026-09-11T03:00,11.2,2.3,99.0,ok,11.1,0.3,1.8,1017.2,0.0
2026-09-11T04:00,11.3,1.6,99.0,ok,11.2,0.5,3.5,1017.3,0.0
2026-09-11T05:00,11.3,1.2,99.0,ok,11.1,0.2,1.8,1017.0,0.0
2026-09-11T06:00,11.4,0.5,99.0,ok,11.2,0.4,3.5,1017.2,0.0
2026-09-11T07:00,11.5,0.0,99.0,ok,11.3,0.4,3.5,1017.6,5.4
2026-09-11T08:00,11.7,0.0,99.0,ok,11.6,0.6,3.5,1017.6,56.0
2026-09-11T09:00,12.0,0.0,99.0,ok,11.9,0.1,1.8,1017.8,56.2
2026-09-11T10:00,12.2,2.6,99.0,ok,12.1,0.6,3.5,1018.3,69.9
2026-09-11T11:00,12.2,7.4,99.0,ok,12.0,0.6,5.5,1019.0,38.3
2026-09-11T12:00,12.6,2.6,99.0,ok,12.5,0.9,5.5,1018.7,174.0
2026-09-11T13:00,14.1,0.0,98.1,ok,13.8,1.0,5.5,1018.7,294.4
2026-09-11T14:00,15.4,0.0,95.4,ok,14.7,3.1,9.3,1018.9,330.4
2026-09-11T15:00,16.0,0.0,92.8,ok,14.9,4.0,9.3,1019.4,334.6
2026-09-11T16:00,15.7,0.0,92.2,ok,14.5,4.0,9.3,1019.8,122.6
2026-09-11T17:00,15.3,0.0,94.1,ok,14.4,4.2,13.0,1020.3,82.1
2026-09-11T18:00,15.0,0.0,95.8,ok,14.3,3.3,5.5,1020.8,32.6
2026-09-11T19:00,13.7,0.0,98.2,ok,13.5,0.7,5.5,1021.5,0.5
2026-09-11T20:00,13.2,0.0,99.0,ok,13.1,1.1,3.5,1022.3,0.0
2026-09-11T21:00,13.0,0.0,99.0,ok,12.8,0.6,3.5,1022.6,0.0
2026-09-11T22:00,12.9,0.0,99.0,ok,12.7,1.3,5.5,1023.1,0.0
2026-09-11T23:00,12.5,0.0,99.0,ok,12.3,0.0,1.8,1023.4,0.0
2026-09-12T00:00,11.8,0.0,99.0,ok,11.7,0.1,1.8,1023.7,0.0
2026-09-12T01:00,11.1,0.0,99.0,ok,10.9,0.1,3.5,1023.5,0.0
2026-09-12T02:00,10.7,0.0,99.0,ok,10.5,0.0,0.0,1023.6,0.0
2026-09-12T03:00,10.6,0.0,99.0,ok,10.4,0.3,3.5,1023.8,0.0
2026-09-12T04:00,10.3,0.0,99.0,ok,10.1,0.5,3.5,1024.0,0.0
2026-09-12T05:00,10.2,0.0,99.0,ok,10.0,0.2,1.8,1023.9,0.0
2026-09-12T06:00,9.8,0.0,99.0,ok,9.6,0.6,3.5,1024.0,2.9
2026-09-12T07:00,9.4,0.0,99.0,ok,9.2,1.0,3.5,1024.3,33.9
2026-09-12T08:00,10.6,0.0,99.0,ok,10.5,1.2,7.2,1024.6,63.3
2026-09-12T09:00,12.6,0.0,95.4,ok,11.9,1.3,5.5,1024.7,154.8
2026-09-12T10:00,15.6,0.0,85.1,ok,13.1,1.5,5.5,1024.3,344.2
2026-09-12T11:00,18.1,0.0,79.2,ok,14.4,1.8,7.2,1023.8,405.1
2026-09-12T12:00,19.7,0.0,69.6,ok,13.9,4.3,11.1,1023.3,408.1
2026-09-12T13:00,21.4,0.0,56.5,ok,12.4,2.4,13.0,1022.6,481.4
2026-09-12T14:00,22.4,0.0,53.3,ok,12.5,3.9,11.1,1022.2,542.6
2026-09-12T15:00,23.3,0.0,49.7,ok,12.2,3.3,9.3,1021.8,464.1
2026-09-12T16:00,23.5,0.0,48.8,ok,12.1,2.1,7.2,1021.6,326.9
2026-09-12T17:00,22.2,0.0,54.8,ok,12.7,2.3,9.3,1021.7,133.2
2026-09-12T18:00,18.6,0.0,71.2,ok,13.3,3.4,7.2,1022.0,28.7
2026-09-12T19:00,15.6,0.0,84.2,ok,12.9,1.6,5.5,1022.3,2.1
2026-09-12T20:00,13.1,0.0,93.8,ok,12.1,1.2,3.5,1022.9,0.0
2026-09-12T21:00,11.5,0.0,96.9,ok,11.1,1.6,3.5,1023.1,0.0
2026-09-12T22:00,10.9,0.0,98.2,ok,10.7,1.4,3.5,1023.3,0.0
2026-09-12T23:00,10.2,0.0,98.9,ok,10.0,1.8,3.5,1023.5,0.0
2026-09-13T00:00,9.7,0.0,99.0,ok,9.6,1.1,3.5,1023.5,0.0
2026-09-13T01:00,9.2,0.0,99.0,ok,9.0,1.2,3.5,1023.4,0.0
2026-09-13T02:00,8.8,0.0,99.0,ok,8.6,1.0,3.5,1023.3,0.0
2026-09-13T03:00,8.5,0.0,99.0,ok,8.3,1.0,3.5,1023.3,0.0
2026-09-13T04:00,8.5,0.0,99.0,ok,8.4,0.7,3.5,1023.1,0.0
2026-09-13T05:00,8.3,0.0,99.0,ok,8.2,0.8,3.5,1023.0,0.0
2026-09-13T06:00,8.7,0.0,99.0,ok,8.5,0.5,3.5,1023.0,2.3
2026-09-13T07:00,9.0,0.0,99.0,ok,8.8,0.2,5.5,1023.4,29.0
2026-09-13T08:00,10.3,0.0,99.0,ok,10.1,0.6,5.5,1023.5,59.3
2026-09-13T09:00,13.8,0.0,92.7,ok,12.6,1.1,7.2,1023.0,142.6
2026-09-13T10:00,17.9,0.0,78.2,ok,14.0,1.3,5.5,1022.8,306.0
2026-09-13T11:00,19.7,0.0,69.9,ok,14.0,2.4,5.5,1022.4,322.2
2026-09-13T12:00,22.9,0.0,60.5,ok,14.8,2.3,7.2,1022.0,444.8
2026-09-13T13:00,24.3,0.0,53.7,ok,14.3,2.5,9.3,1021.4,506.0
2026-09-13T14:00,24.9,0.0,51.7,ok,14.2,2.9,7.2,1020.9,577.4
2026-09-13T15:00,25.5,0.0,49.8,ok,14.3,2.6,11.1,1020.3,529.7
2026-09-13T16:00,25.1,0.0,49.8,ok,13.8,2.4,7.2,1019.9,353.8
2026-09-13T17:00,22.9,0.0,63.8,ok,15.5,2.2,5.5,1019.7,93.2
2026-09-13T18:00,20.8,0.0,80.1,ok,17.2,2.3,5.5,1019.7,42.6
2026-09-13T19:00,18.9,0.0,85.2,ok,16.4,1.0,3.5,1019.6,1.5
2026-09-13T20:00,17.6,0.0,88.9,ok,15.8,1.0,3.5,1019.9,0.0
2026-09-13T21:00,15.9,0.0,92.2,ok,14.7,1.4,5.5,1020.1,0.0
2026-09-13T22:00,15.4,0.0,93.2,ok,14.4,1.5,3.5,1020.1,0.0
2026-09-13T23:00,15.0,0.0,94.0,ok,14.1,1.6,5.5,1020.1,0.0
2026-09-14T00:00,14.6,0.0,95.2,ok,13.9,1.2,3.5,1020.2,0.0
2026-09-14T01:00,14.6,0.0,96.2,ok,14.0,0.9,3.5,1020.1,0.0
2026-09-14T02:00,14.6,0.0,97.0,ok,14.2,0.6,3.5,1020.0,0.0
2026-09-14T03:00,14.5,0.0,97.0,ok,14.0,0.6,3.5,1020.0,0.0
2026-09-14T04:00,14.4,0.0,97.9,ok,14.1,1.2,3.5,1020.1,0.0
2026-09-14T05:00,14.2,0.0,98.8,ok,14.0,0.7,3.5,1020.1,0.0
2026-09-14T06:00,14.1,0.2,99.0,ok,13.9,0.2,1.8,1020.5,1.1
2026-09-14T07:00,14.1,0.0,99.0,ok,14.0,0.5,3.5,1020.8,32.4
2026-09-14T08:00,14.8,0.0,98.6,ok,14.6,0.1,1.8,1021.0,91.7
2026-09-14T09:00,16.0,0.0,95.9,ok,15.4,0.5,3.5,1021.3,114.6
2026-09-14T10:00,19.1,0.0,83.3,ok,16.1,1.8,7.2,1021.6,398.1
2026-09-14T11:00,21.2,0.0,74.2,ok,16.5,3.1,11.1,1021.3,293.2
2026-09-14T12:00,22.1,0.0,72.0,ok,16.8,3.0,9.3,1021.1,300.9
2026-09-14T13:00,23.6,0.0,67.7,ok,17.3,1.1,5.5,1020.9,330.8
2026-09-14T14:00,23.3,0.0,70.0,ok,17.5,3.7,11.1,1020.9,367.9
2026-09-14T15:00,22.2,0.0,73.9,ok,17.3,4.3,14.8,1021.4,247.1
2026-09-14T16:00,21.4,0.0,78.5,ok,17.5,5.5,14.8,1021.5,269.4
2026-09-14T17:00,20.3,0.0,81.3,ok,17.0,6.2,16.6,1021.8,107.6
2026-09-14T18:00,19.2,0.0,82.8,ok,16.2,4.4,11.1,1022.3,30.0
2026-09-14T19:00,17.9,0.0,88.8,ok,16.0,3.1,11.1,1023.0,1.4
2026-09-14T20:00,16.7,0.0,93.1,ok,15.7,2.3,5.5,1023.8,0.0
2026-09-14T21:00,16.2,0.0,95.0,ok,15.3,0.4,3.5,1024.1,0.0
2026-09-14T22:00,14.7,0.0,97.2,ok,14.3,0.7,3.5,1024.2,0.0
2026-09-14T23:00,13.3,0.0,98.8,ok,13.1,0.3,3.5,1024.2,0.0
2026-09-15T00:00,12.3,0.0,99.0,ok,12.1,0.5,1.8,1024.3,0.0
2026-09-15T01:00,11.7,0.0,99.0,ok,11.5,0.3,1.8,1024.2,0.0
2026-09-15T02:00,11.5,0.0,99.0,ok,11.3,0.2,3.5,1024.1,0.0
2026-09-15T03:00,11.4,0.0,99.0,ok,11.2,0.0,1.8,1023.8,0.0
2026-09-15T04:00,10.7,0.0,99.0,ok,10.5,0.0,0.0,1023.8,0.0
2026-09-15T05:00,10.1,0.0,99.0,ok,9.9,0.2,1.8,1023.7,0.0
2026-09-15T06:00,9.6,0.0,99.0,ok,9.4,0.8,1.8,1023.7,2.2
2026-09-15T07:00,9.4,0.0,99.0,ok,9.3,0.3,1.8,1023.7,20.1
2026-09-15T08:00,10.9,0.0,99.0,ok,10.8,0.6,3.5,1023.6,32.4
2026-09-15T09:00,14.1,0.0,94.5,ok,13.2,0.9,3.5,1023.5,191.7
2026-09-15T10:00,18.8,0.0,77.8,ok,14.8,1.0,3.5,1023.2,449.4
2026-09-15T11:00,20.6,0.0,64.6,ok,13.6,4.4,11.1,1022.8,456.0
2026-09-15T12:00,21.6,0.0,61.5,ok,13.9,5.4,9.3,1022.2,442.3
2026-09-15T13:00,22.6,0.0,59.9,ok,14.4,4.7,11.1,1021.4,484.9
2026-09-15T14:00,22.9,0.0,59.2,ok,14.5,5.4,11.1,1020.4,543.8
2026-09-15T15:00,23.4,0.0,59.2,ok,15.0,5.4,11.1,1020.0,453.4
2026-09-15T16:00,23.7,0.0,58.6,ok,15.1,3.9,11.1,1019.6,297.6
2026-09-15T17:00,22.6,0.0,62.6,ok,15.0,2.7,7.2,1019.3,106.0
2026-09-15T18:00,19.8,0.0,74.4,ok,15.1,2.5,7.2,1019.0,22.4
2026-09-15T19:00,16.2,0.0,88.8,ok,14.4,2.1,5.5,1019.1,1.2
2026-09-15T20:00,14.2,0.0,94.6,ok,13.3,2.6,5.5,1019.3,0.0
2026-09-15T21:00,13.4,0.0,96.3,ok,12.8,1.3,3.5,1019.5,0.0
2026-09-15T22:00,12.5,0.0,97.8,ok,12.2,1.7,3.5,1019.4,0.0
2026-09-15T23:00,11.9,0.0,98.8,ok,11.7,1.5,3.5,1019.3,0.0
2026-09-16T00:00,11.3,0.0,99.0,ok,11.1,1.4,3.5,1019.1,0.0
2026-09-16T01:00,10.9,0.0,99.0,ok,10.7,1.4,3.5,1018.9,0.0
2026-09-16T02:00,10.3,0.0,99.0,ok,10.2,1.2,3.5,1018.5,0.0
2026-09-16T03:00,10.0,0.0,99.0,ok,9.8,1.0,3.5,1018.1,0.0
2026-09-16T04:00,9.7,0.0,99.0,ok,9.6,0.3,3.5,1017.7,0.0
2026-09-16T05:00,10.0,0.0,99.0,ok,9.8,0.5,3.5,1017.6,0.0
2026-09-16T06:00,9.6,0.0,99.0,ok,9.4,0.1,1.8,1017.4,2.1
2026-09-16T07:00,9.8,0.0,99.0,ok,9.6,0.5,3.5,1017.4,22.3
2026-09-16T08:00,11.4,0.0,99.0,ok,11.2,0.4,3.5,1017.3,35.4
2026-09-16T09:00,13.9,0.0,97.9,ok,13.5,0.2,1.8,1017.2,161.5
2026-09-16T10:00,19.3,0.0,79.1,ok,15.6,1.2,5.5,1017.1,317.7
2026-09-16T11:00,21.6,0.0,71.0,ok,16.1,1.7,7.2,1016.6,416.1
2026-09-16T12:00,23.6,0.0,64.5,ok,16.4,2.1,7.2,1015.9,484.1
2026-09-16T13:00,25.0,0.0,59.6,ok,16.6,1.9,7.2,1015.2,498.9
2026-09-16T14:00,26.6,0.0,55.7,ok,17.0,2.2,7.2,1014.5,548.6
2026-09-16T15:00,27.3,0.0,53.3,ok,16.9,1.4,5.5,1013.8,452.4
2026-09-16T16:00,27.2,0.0,52.8,ok,16.7,1.5,7.2,1013.3,295.0
2026-09-16T17:00,25.1,0.0,58.8,ok,16.4,1.6,7.2,1012.9,98.3
2026-09-16T18:00,20.8,0.0,78.1,ok,16.7,1.8,5.5,1012.7,20.7
2026-09-16T19:00,18.0,0.0,89.0,ok,16.2,1.2,5.5,1012.7,1.0
2026-09-16T20:00,15.9,0.0,93.8,ok,14.9,2.3,5.5,1012.9,0.0
2026-09-16T21:00,14.8,0.0,96.0,ok,14.2,1.3,3.5,1013.2,0.0
2026-09-16T22:00,14.4,0.0,96.6,ok,13.9,2.2,5.5,1013.5,0.0
2026-09-16T23:00,13.8,0.0,97.0,ok,13.4,0.9,5.5,1013.7,0.0
2026-09-17T00:00,12.9,0.0,98.2,ok,12.6,1.9,5.5,1013.6,0.0
2026-09-17T01:00,12.4,0.0,99.0,ok,12.2,1.9,5.5,1013.6,0.0
2026-09-17T02:00,12.1,0.0,99.0,ok,12.0,1.1,5.5,1013.6,0.0
2026-09-17T03:00,12.2,0.0,99.0,ok,12.0,0.4,5.5,1013.7,0.0
2026-09-17T04:00,12.7,0.0,99.0,ok,12.6,0.5,3.5,1013.9,0.0
2026-09-17T05:00,13.2,0.0,98.7,ok,13.0,2.2,5.5,1014.2,0.0
2026-09-17T06:00,13.9,0.0,96.7,ok,13.4,1.7,7.2,1014.9,1.4
2026-09-17T07:00,14.2,0.0,96.8,ok,13.8,1.2,7.2,1015.2,31.2
2026-09-17T08:00,15.0,0.0,96.2,ok,14.4,1.0,5.5,1015.9,12.5
2026-09-17T09:00,15.1,5.6,98.0,ok,14.8,1.0,3.5,1016.8,15.1
2026-09-17T10:00,15.0,2.0,99.0,ok,14.8,1.2,5.5,1017.1,33.4
2026-09-17T11:00,15.3,0.5,99.0,ok,15.2,4.9,13.0,1016.8,43.6
2026-09-17T12:00,15.3,0.0,99.0,ok,15.1,1.5,9.3,1017.2,34.6
2026-09-17T13:00,15.4,0.3,99.0,ok,15.2,0.7,3.5,1017.3,53.3
2026-09-17T14:00,15.7,0.0,98.2,ok,15.4,2.7,7.2,1016.7,101.1
2026-09-17T15:00,15.9,0.0,96.5,ok,15.4,2.6,7.2,1016.2,132.7
2026-09-17T16:00,15.6,0.0,97.0,ok,15.1,0.6,5.5,1016.6,28.5
2026-09-17T17:00,15.3,0.0,97.7,ok,14.9,0.2,1.8,1016.2,32.2
2026-09-17T18:00,15.4,0.0,95.9,ok,14.7,0.3,1.8,1016.1,40.7
2026-09-17T19:00,14.6,0.0,98.1,ok,14.3,0.4,1.8,1016.2,0.2
2026-09-17T20:00,14.2,0.0,99.0,ok,14.0,0.1,1.8,1016.5,0.0
2026-09-17T21:00,14.0,0.0,99.0,ok,13.8,0.2,3.5,1016.7,0.0
2026-09-17T22:00,13.9,0.0,99.0,ok,13.7,0.1,1.8,1016.6,0.0
2026-09-17T23:00,13.3,0.0,99.0,ok,13.1,0.4,3.5,1016.4,0.0
2026-09-18T00:00,12.5,0.0,99.0,ok,12.4,0.2,1.8,1016.2,0.0
2026-09-18T01:00,12.4,0.0,99.0,ok,12.2,0.4,3.5,1016.0,0.0
2026-09-18T02:00,11.8,0.0,99.0,ok,11.7,0.8,3.5,1015.8,0.0
2026-09-18T03:00,11.2,0.0,99.0,ok,11.0,0.3,3.5,1015.7,0.0
2026-09-18T04:00,10.4,0.0,99.0,ok,10.3,0.8,5.5,1015.5,0.0
2026-09-18T05:00,10.5,0.0,99.0,ok,10.3,0.7,5.5,1015.6,0.0
2026-09-18T06:00,10.1,0.0,99.0,ok,9.9,0.4,3.5,1015.8,1.1
2026-09-18T07:00,10.0,0.0,99.0,ok,9.9,0.3,3.5,1016.3,27.5
2026-09-18T08:00,10.5,0.0,99.0,ok,10.3,0.4,3.5,1016.4,85.7
2026-09-18T09:00,11.8,0.0,99.0,ok,11.6,0.7,5.5,1016.9,227.4
2026-09-18T10:00,15.3,0.0,92.2,ok,14.0,1.5,5.5,1016.9,267.9
2026-09-18T11:00,18.2,0.0,83.6,ok,15.3,2.2,7.2,1016.9,420.1
2026-09-18T12:00,20.1,0.0,78.1,ok,16.1,1.6,5.5,1016.5,324.9
2026-09-18T13:00,20.1,0.0,75.5,ok,15.6,2.9,9.3,1016.3,259.8
2026-09-18T14:00,20.7,0.0,73.1,ok,15.7,2.0,5.5,1016.2,416.4
2026-09-18T15:00,21.4,0.0,70.7,ok,15.9,2.3,5.5,1016.0,371.0
2026-09-18T16:00,21.7,0.0,71.1,ok,16.2,2.1,7.2,1015.8,233.6
2026-09-18T17:00,20.8,0.0,76.3,ok,16.4,2.8,7.2,1016.0,101.7
2026-09-18T18:00,18.9,0.0,86.8,ok,16.6,2.4,5.5,1016.2,37.0
2026-09-18T19:00,16.3,0.0,94.7,ok,15.4,1.6,3.5,1016.6,0.4
2026-09-18T20:00,14.6,0.0,97.5,ok,14.2,1.7,3.5,1017.4,0.0
2026-09-18T21:00,13.8,0.0,98.8,ok,13.6,1.2,3.5,1018.2,0.0
2026-09-18T22:00,13.4,0.0,99.0,ok,13.2,0.6,3.5,1018.5,0.0
2026-09-18T23:00,13.6,0.0,99.0,ok,13.4,1.0,5.5,1019.0,0.0
2026-09-19T00:00,14.1,0.0,99.0,ok,13.9,0.4,3.5,1019.3,0.0
2026-09-19T01:00,14.2,0.0,99.0,ok,14.1,2.0,5.5,1019.7,0.0
2026-09-19T02:00,13.4,0.0,99.0,ok,13.3,1.1,5.5,1019.8,0.0
2026-09-19T03:00,12.7,0.0,99.0,ok,12.6,1.4,3.5,1020.0,0.0
2026-09-19T04:00,12.8,0.0,99.0,ok,12.7,0.3,3.5,1020.6,0.0
2026-09-19T05:00,13.1,0.0,99.0,ok,12.9,0.5,5.5,1021.0,0.0
2026-09-19T06:00,13.3,0.0,99.0,ok,13.1,0.1,1.8,1021.5,0.5
2026-09-19T07:00,13.5,0.0,99.0,ok,13.4,0.0,1.8,1021.9,22.1
2026-09-19T08:00,14.5,0.0,98.7,ok,14.2,0.1,1.8,1022.2,79.0
2026-09-19T09:00,16.6,0.0,93.5,ok,15.6,0.9,5.5,1022.7,173.8
2026-09-19T10:00,18.0,0.0,87.1,ok,15.8,1.4,5.5,1023.3,199.8
2026-09-19T11:00,20.1,0.0,77.8,ok,16.1,1.3,7.2,1023.6,285.4
2026-09-19T12:00,20.7,0.0,70.2,ok,15.1,2.8,7.2,1023.6,354.5
2026-09-19T13:00,21.7,0.0,64.8,ok,14.7,3.9,11.1,1023.4,249.5
2026-09-19T14:00,22.3,0.0,65.7,ok,15.6,2.3,5.5,1023.2,464.2
2026-09-19T15:00,23.2,0.0,61.3,ok,15.4,3.6,11.1,1022.8,439.9
2026-09-19T16:00,22.6,0.0,64.8,ok,15.6,3.2,7.2,1022.6,236.5
2026-09-19T17:00,21.9,0.0,69.0,ok,15.9,1.6,5.5,1022.8,82.8
2026-09-19T18:00,18.5,0.0,84.6,ok,15.8,2.3,7.2,1022.8,20.9
2026-09-19T19:00,15.6,0.0,94.0,ok,14.7,1.7,5.5,1022.9,0.3
2026-09-19T20:00,14.2,0.0,96.8,ok,13.8,1.5,5.5,1023.7,0.0
2026-09-19T21:00,13.3,0.0,97.7,ok,12.9,1.1,3.5,1024.0,0.0
2026-09-19T22:00,12.7,0.0,99.0,ok,12.5,1.8,3.5,1024.3,0.0
2026-09-19T23:00,12.2,0.0,99.0,ok,12.0,1.5,5.5,1024.4,0.0
2026-09-20T00:00,11.5,0.0,99.0,ok,11.4,0.9,3.5,1024.5,0.0
2026-09-20T01:00,10.9,0.0,99.0,ok,10.8,1.3,3.5,1024.6,0.0
2026-09-20T02:00,10.4,0.0,99.0,ok,10.2,1.2,3.5,1024.6,0.0
2026-09-20T03:00,10.1,0.0,99.0,ok,9.9,1.2,3.5,1024.6,0.0
2026-09-20T04:00,9.8,0.0,99.0,ok,9.6,1.2,3.5,1024.5,0.0
2026-09-20T05:00,9.6,0.0,99.0,ok,9.4,1.0,3.5,1024.6,0.0
2026-09-20T06:00,9.6,0.0,99.0,ok,9.4,0.2,1.8,1024.5,1.2
2026-09-20T07:00,9.9,0.0,99.0,ok,9.8,0.5,3.5,1024.8,28.8
2026-09-20T08:00,11.5,0.0,99.0,ok,11.3,0.1,1.8,1024.9,39.0
2026-09-20T09:00,13.8,0.2,97.7,ok,13.4,1.3,5.5,1025.1,156.7
2026-09-20T10:00,18.2,0.0,84.8,ok,15.6,2.2,5.5,1025.2,183.8
2026-09-20T11:00,20.8,0.0,76.7,ok,16.6,1.8,5.5,1024.9,324.2
2026-09-20T12:00,23.1,0.0,71.5,ok,17.6,1.3,5.5,1024.3,410.1
2026-09-20T13:00,23.7,0.0,67.8,ok,17.4,4.0,11.1,1023.9,322.7
2026-09-20T14:00,24.5,0.0,63.7,ok,17.2,3.5,9.3,1023.1,485.9
2026-09-20T15:00,25.6,0.0,59.2,ok,17.1,2.2,7.2,1022.5,416.2
2026-09-20T16:00,26.0,0.0,59.6,ok,17.5,1.4,5.5,1021.9,249.2
2026-09-20T17:00,23.0,0.0,75.2,ok,18.3,2.3,5.5,1021.5,102.5
2026-09-20T18:00,20.5,0.0,87.2,ok,18.3,2.3,5.5,1021.3,27.3
2026-09-20T19:00,17.3,0.0,93.9,ok,16.3,2.3,5.5,1021.5,0.1
2026-09-20T20:00,15.5,0.0,95.9,ok,14.8,2.0,3.5,1021.8,0.0
2026-09-20T21:00,14.8,0.0,96.8,ok,14.4,1.8,3.5,1021.8,0.0
2026-09-20T22:00,14.3,0.0,97.9,ok,14.0,1.8,5.5,1021.8,0.0
2026-09-20T23:00,13.9,0.0,99.0,ok,13.8,1.5,3.5,1022.2,0.0
2026-09-21T00:00,14.5,0.0,99.0,ok,14.3,0.9,5.5,1022.0,0.0
2026-09-21T01:00,14.4,0.0,99.0,ok,14.2,0.5,3.5,1021.8,0.0
2026-09-21T02:00,14.2,0.0,99.0,ok,14.0,0.6,3.5,1021.8,0.0
2026-09-21T03:00,13.5,0.0,99.0,ok,13.3,1.0,3.5,1021.4,0.0
2026-09-21T04:00,12.9,0.0,99.0,ok,12.8,1.1,5.5,1021.5,0.0
2026-09-21T05:00,12.2,0.0,99.0,ok,12.0,1.4,7.2,1021.6,0.0
2026-09-21T06:00,12.1,0.0,99.0,ok,12.0,1.0,5.5,1021.9,1.0
2026-09-21T07:00,12.2,0.0,99.0,ok,12.0,1.5,5.5,1022.8,32.3
2026-09-21T08:00,15.0,0.0,95.6,ok,14.3,3.2,9.3,1023.7,70.6
2026-09-21T09:00,15.8,0.0,91.1,ok,14.4,4.5,11.1,1024.5,103.4
2026-09-21T10:00,16.5,0.0,86.9,ok,14.3,3.8,11.1,1024.6,181.9
2026-09-21T11:00,18.0,0.0,81.3,ok,14.7,1.5,7.2,1024.4,280.8
2026-09-21T12:00,17.7,0.0,81.7,ok,14.5,4.5,14.8,1024.0,225.3
2026-09-21T13:00,16.8,0.0,84.7,ok,14.2,5.6,13.0,1023.7,97.7
2026-09-21T14:00,16.5,0.0,83.2,ok,13.7,4.6,11.1,1023.3,88.0
2026-09-21T15:00,16.9,0.0,78.6,ok,13.2,4.4,16.6,1022.7,146.3
2026-09-21T16:00,16.9,0.0,78.3,ok,13.0,4.0,9.3,1022.2,121.4
2026-09-21T17:00,16.8,0.0,79.3,ok,13.2,3.6,9.3,1022.4,66.0
2026-09-21T18:00,15.2,0.0,88.2,ok,13.3,1.7,5.5,1022.4,17.6
2026-09-21T19:00,13.0,0.0,95.2,ok,12.2,1.2,5.5,1022.7,0.0
2026-09-21T20:00,11.5,0.0,97.3,ok,11.1,0.8,3.5,1023.6,0.0
2026-09-21T21:00,10.4,0.0,98.7,ok,10.2,1.6,5.5,1024.0,0.0
2026-09-21T22:00,9.9,0.0,99.0,ok,9.7,0.8,3.5,1024.3,0.0
2026-09-21T23:00,9.4,0.0,99.0,ok,9.3,0.9,3.5,1024.6,0.0
2026-09-22T00:00,9.1,0.0,99.0,ok,8.9,1.0,5.5,1024.7,0.0
2026-09-22T01:00,9.3,0.0,99.0,ok,9.1,0.2,1.8,1024.6,0.0
2026-09-22T02:00,9.1,0.0,99.0,ok,8.9,0.2,3.5,1024.5,0.0
2026-09-22T03:00,8.3,0.0,99.0,ok,8.1,0.2,3.5,1024.1,0.0
2026-09-22T04:00,7.2,0.0,99.0,ok,7.1,0.0,0.0,1023.5,0.0
2026-09-22T05:00,6.8,0.0,99.0,ok,6.7,0.9,3.5,1023.0,0.0
2026-09-22T06:00,6.7,0.0,99.0,ok,6.5,1.1,5.5,1022.9,0.7
2026-09-22T07:00,7.0,0.0,99.0,ok,6.8,0.4,5.5,1023.1,20.0
2026-09-22T08:00,7.7,0.0,99.0,ok,7.5,1.0,5.5,1023.2,53.5
2026-09-22T09:00,9.0,0.0,97.9,ok,8.7,0.7,5.5,1023.2,115.9
2026-09-22T10:00,14.1,0.0,80.5,ok,10.7,1.8,5.5,1023.2,163.3
2026-09-22T11:00,16.5,0.0,64.0,ok,9.6,2.1,9.3,1023.2,294.2
2026-09-22T12:00,16.3,0.0,63.8,ok,9.5,3.6,9.3,1023.1,316.3
2026-09-22T13:00,17.1,0.0,63.2,ok,10.1,2.4,9.3,1022.8,449.7
2026-09-22T14:00,18.6,0.0,58.9,ok,10.4,2.3,7.2,1022.4,616.2
2026-09-22T15:00,18.4,0.0,58.6,ok,10.1,2.8,9.3,1022.2,415.7
2026-09-22T16:00,16.3,0.0,65.1,ok,9.5,2.3,7.2,1022.0,83.2
2026-09-22T17:00,13.1,0.0,84.9,ok,10.6,3.2,5.5,1022.2,35.0
2026-09-22T18:00,11.1,0.0,88.0,ok,9.2,4.4,7.2,1022.8,15.3
2026-09-22T19:00,9.2,0.0,91.8,ok,7.9,2.3,5.5,1023.5,0.1
2026-09-22T20:00,7.7,0.0,94.2,ok,6.8,2.6,5.5,1024.4,0.0
2026-09-22T21:00,7.0,0.0,95.3,ok,6.3,1.9,5.5,1025.1,0.0
2026-09-22T22:00,6.4,0.0,95.8,ok,5.8,1.5,5.5,1025.5,0.0
2026-09-22T23:00,5.8,0.0,97.0,ok,5.4,1.2,5.5,1025.7,0.0
2026-09-23T00:00,5.0,0.0,98.2,ok,4.7,1.3,5.5,1025.8,0.0
2026-09-23T01:00,4.6,0.0,98.8,ok,4.4,0.3,3.5,1026.0,0.0
2026-09-23T02:00,4.0,0.0,99.0,ok,3.9,1.4,5.5,1025.9,0.0
2026-09-23T03:00,3.6,0.0,99.0,ok,3.4,0.5,3.5,1025.7,0.0
2026-09-23T04:00,3.1,0.0,99.0,ok,2.9,0.5,3.5,1025.6,0.0
2026-09-23T05:00,2.7,0.0,99.0,ok,2.6,0.4,3.5,1025.4,0.0
2026-09-23T06:00,2.5,0.0,99.0,ok,2.3,0.8,3.5,1025.3,1.0
2026-09-23T07:00,2.6,0.0,99.0,ok,2.5,0.7,3.5,1025.6,16.9
2026-09-23T08:00,4.8,0.0,99.0,ok,4.6,0.5,3.5,1025.7,36.8
2026-09-23T09:00,8.9,0.0,91.7,ok,7.6,0.7,5.5,1025.7,60.4
2026-09-23T10:00,13.5,0.0,75.5,ok,9.2,0.9,3.5,1025.7,146.2
2026-09-23T11:00,16.1,0.0,57.3,ok,7.5,2.5,7.2,1025.2,285.3
2026-09-23T12:00,17.7,0.0,49.3,ok,6.9,2.2,7.2,1024.5,523.0
2026-09-23T13:00,18.6,0.0,50.3,ok,8.0,3.3,11.1,1023.7,538.9
2026-09-23T14:00,18.7,0.0,53.2,ok,9.0,2.7,14.8,1023.0,516.8
2026-09-23T15:00,19.3,0.0,51.8,ok,9.2,4.5,13.0,1022.4,394.9
2026-09-23T16:00,19.6,0.0,50.0,ok,8.9,2.9,9.3,1021.8,240.0
2026-09-23T17:00,17.8,0.0,56.3,ok,8.8,2.3,7.2,1021.4,67.0
2026-09-23T18:00,13.1,0.0,79.2,ok,9.6,3.1,5.5,1021.5,15.3
2026-09-23T19:00,10.3,0.0,90.0,ok,8.8,2.2,5.5,1021.7,0.0
2026-09-23T20:00,8.8,0.0,93.8,ok,7.9,2.1,3.5,1022.3,0.0
2026-09-23T21:00,8.1,0.0,95.8,ok,7.4,1.2,3.5,1022.5,0.0
2026-09-23T22:00,7.5,0.0,97.2,ok,7.1,1.4,5.5,1022.5,0.0
2026-09-23T23:00,7.4,0.0,98.0,ok,7.2,0.7,3.5,1022.7,0.0
2026-09-24T00:00,7.2,0.0,98.5,ok,7.0,1.5,3.5,1022.4,0.0
2026-09-24T01:00,7.2,0.0,99.0,ok,7.1,0.9,3.5,1022.1,0.0
2026-09-24T02:00,7.1,0.0,99.0,ok,6.9,1.3,3.5,1022.0,0.0
2026-09-24T03:00,6.7,0.0,99.0,ok,6.6,0.4,3.5,1021.8,0.0
2026-09-24T04:00,5.5,0.0,99.0,ok,5.3,0.7,3.5,1021.6,0.0
2026-09-24T05:00,4.9,0.0,99.0,ok,4.7,1.1,3.5,1021.4,0.0
2026-09-24T06:00,4.6,0.0,99.0,ok,4.4,1.1,5.5,1021.3,0.7
2026-09-24T07:00,5.2,0.0,99.0,ok,5.0,0.7,5.5,1021.1,30.5
2026-09-24T08:00,7.2,0.0,99.0,ok,7.0,0.1,1.8,1021.1,81.9
2026-09-24T09:00,8.7,0.0,97.2,ok,8.3,0.8,5.5,1020.8,129.1
2026-09-24T10:00,11.0,0.0,91.9,ok,9.7,0.9,5.5,1020.5,163.3
2026-09-24T11:00,12.5,0.0,88.5,ok,10.7,1.5,5.5,1020.0,183.8
2026-09-24T12:00,14.8,0.0,78.6,ok,11.0,2.4,7.2,1019.2,245.9
2026-09-24T13:00,15.5,0.0,78.0,ok,11.7,1.5,9.3,1018.5,162.3
2026-09-24T14:00,16.4,0.0,77.8,ok,12.5,2.0,9.3,1018.1,132.8
2026-09-24T15:00,16.2,0.0,79.0,ok,12.5,2.7,9.3,1018.0,88.6
2026-09-24T16:00,15.5,0.0,81.2,ok,12.3,2.6,11.1,1017.9,63.8
2026-09-24T17:00,14.5,0.0,85.8,ok,12.1,3.0,7.2,1018.0,27.5
2026-09-24T18:00,13.7,0.0,90.4,ok,12.1,2.2,9.3,1018.4,8.2
2026-09-24T19:00,12.9,0.0,93.8,ok,11.9,1.4,5.5,1019.2,0.0
2026-09-24T20:00,12.2,0.0,96.3,ok,11.7,1.2,5.5,1019.8,0.0
2026-09-24T21:00,12.1,0.0,96.3,ok,11.5,1.2,7.2,1020.7,0.0
2026-09-24T22:00,11.5,0.2,97.3,ok,11.1,1.2,5.5,1021.0,0.0
2026-09-24T23:00,9.9,0.0,98.9,ok,9.7,1.7,9.3,1021.1,0.0
2026-09-25T00:00,8.9,0.0,99.0,ok,8.7,1.6,5.5,1021.4,0.0
2026-09-25T01:00,7.3,0.0,99.0,ok,7.1,1.2,5.5,1021.5,0.0
2026-09-25T02:00,6.5,0.0,99.0,ok,6.3,0.5,3.5,1021.7,0.0
2026-09-25T03:00,6.1,0.0,99.0,ok,5.9,0.6,3.5,1021.9,0.0
2026-09-25T04:00,5.8,0.0,99.0,ok,5.6,0.6,5.5,1021.8,0.0
2026-09-25T05:00,5.5,0.0,99.0,ok,5.3,0.7,3.5,1022.0,0.0
2026-09-25T06:00,4.6,0.0,99.0,ok,4.4,1.6,5.5,1022.1,0.5
2026-09-25T07:00,4.8,0.0,99.0,ok,4.6,0.8,5.5,1022.5,26.5
2026-09-25T08:00,5.9,0.3,99.0,ok,5.7,0.4,3.5,1022.8,73.5
2026-09-25T09:00,8.1,0.0,99.0,ok,8.0,1.2,5.5,1022.6,68.4
2026-09-25T10:00,12.0,0.0,88.3,ok,10.1,1.7,7.2,1022.2,114.2
2026-09-25T11:00,15.9,0.0,65.8,ok,9.5,3.1,11.1,1022.1,371.8
2026-09-25T12:00,17.7,0.0,57.2,ok,9.1,3.0,13.0,1021.9,547.0
2026-09-25T13:00,18.2,0.0,54.4,ok,8.9,3.6,14.8,1021.4,529.1
2026-09-25T14:00,19.3,0.0,51.3,ok,9.0,3.1,11.1,1020.8,541.5
2026-09-25T15:00,19.8,0.0,50.5,ok,9.2,2.9,9.3,1020.4,378.8
2026-09-25T16:00,19.5,0.0,52.0,ok,9.3,2.7,7.2,1020.5,230.2
2026-09-25T17:00,17.8,0.0,58.7,ok,9.6,1.9,7.2,1020.8,61.7
2026-09-25T18:00,13.8,0.0,77.8,ok,10.0,3.1,5.5,1021.5,16.6
2026-09-25T19:00,10.7,0.0,90.8,ok,9.3,1.1,5.5,1021.9,0.0
2026-09-25T20:00,8.8,0.0,95.1,ok,8.1,1.8,3.5,1022.4,0.0
2026-09-25T21:00,7.9,0.0,96.4,ok,7.3,1.5,3.5,1022.7,0.0
2026-09-25T22:00,7.0,0.0,97.9,ok,6.8,1.6,3.5,1023.1,0.0
2026-09-25T23:00,6.5,0.0,98.5,ok,6.2,1.0,5.5,1023.4,0.0
2026-09-26T00:00,5.8,0.0,99.0,ok,5.6,0.7,3.5,1023.4,0.0
2026-09-26T01:00,5.2,0.0,99.0,ok,5.1,0.6,3.5,1023.4,0.0
2026-09-26T02:00,4.8,0.0,99.0,ok,4.6,1.5,3.5,1023.4,0.0
2026-09-26T03:00,4.7,0.0,99.0,ok,4.5,1.2,3.5,1023.2,0.0
2026-09-26T04:00,4.3,0.0,99.0,ok,4.2,1.3,3.5,1023.4,0.0
2026-09-26T05:00,4.0,0.0,99.0,ok,3.8,1.4,3.5,1023.6,0.0
2026-09-26T06:00,3.7,0.0,99.0,ok,3.5,0.5,3.5,1023.8,0.6
2026-09-26T07:00,4.0,0.0,99.0,ok,3.8,0.8,3.5,1024.2,15.0
2026-09-26T08:00,5.9,0.0,99.0,ok,5.7,0.6,3.5,1024.6,33.4
2026-09-26T09:00,9.8,0.0,93.8,ok,8.9,1.2,5.5,1024.8,59.1
2026-09-26T10:00,14.0,0.0,80.2,ok,10.6,1.3,5.5,1024.7,187.8
2026-09-26T11:00,17.1,0.0,69.1,ok,11.3,1.7,5.5,1024.6,344.0
2026-09-26T12:00,18.2,0.0,63.7,ok,11.2,3.0,7.2,1024.2,463.2
2026-09-26T13:00,20.3,0.0,59.5,ok,12.1,2.5,7.2,1023.8,554.7
2026-09-26T14:00,20.6,0.0,57.4,ok,11.9,3.9,9.3,1023.3,527.1
2026-09-26T15:00,20.6,0.0,57.4,ok,11.9,4.7,13.0,1023.0,361.0
2026-09-26T16:00,20.6,0.0,56.9,ok,11.7,4.4,11.1,1022.7,220.5
2026-09-26T17:00,18.7,0.0,64.4,ok,11.9,3.9,9.3,1022.9,57.2
2026-09-26T18:00,15.6,0.0,76.2,ok,11.4,3.3,5.5,1023.4,12.7
2026-09-26T19:00,12.2,0.0,89.2,ok,10.4,1.9,5.5,1024.0,0.0
2026-09-26T20:00,10.7,0.0,93.7,ok,9.7,1.9,3.5,1024.6,0.0
2026-09-26T21:00,9.4,0.0,96.4,ok,8.9,1.5,3.5,1025.1,0.0
2026-09-26T22:00,8.4,0.0,97.9,ok,8.1,1.2,5.5,1025.5,0.0
2026-09-26T23:00,7.7,0.0,99.0,ok,7.5,1.4,3.5,1025.8,0.0
2026-09-27T00:00,7.2,0.0,99.0,ok,7.1,1.3,3.5,1025.9,0.0
2026-09-27T01:00,6.4,0.0,99.0,ok,6.3,1.7,5.5,1025.9,0.0
2026-09-27T02:00,6.2,0.0,99.0,ok,6.1,1.0,3.5,1025.8,0.0
2026-09-27T03:00,5.7,0.0,99.0,ok,5.5,1.4,3.5,1025.6,0.0
2026-09-27T04:00,5.2,0.0,99.0,ok,5.1,1.1,3.5,1025.5,0.0
2026-09-27T05:00,5.5,0.0,99.0,ok,5.3,0.6,1.8,1025.4,0.0
2026-09-27T06:00,5.5,0.0,99.0,ok,5.3,0.5,3.5,1025.4,0.5
2026-09-27T07:00,5.5,0.0,99.0,ok,5.3,0.5,3.5,1025.7,21.7
2026-09-27T08:00,6.9,0.0,99.0,ok,6.8,0.3,1.8,1025.7,35.8
2026-09-27T09:00,9.7,0.2,99.0,ok,9.6,0.1,1.8,1025.7,56.4
2026-09-27T10:00,14.4,0.0,85.2,ok,11.8,1.0,5.5,1025.7,306.2
2026-09-27T11:00,18.2,0.0,72.2,ok,13.0,1.8,7.2,1025.4,468.4
2026-09-27T12:00,19.7,0.0,65.2,ok,12.9,2.3,9.3,1025.0,497.8
2026-09-27T13:00,21.4,0.0,59.4,ok,13.2,1.5,5.5,1024.4,570.0
2026-09-27T14:00,22.3,0.0,56.9,ok,13.4,1.9,9.3,1023.8,495.8
2026-09-27T15:00,22.9,0.0,54.8,ok,13.3,2.4,9.3,1023.4,352.4
2026-09-27T16:00,22.5,0.0,54.9,ok,13.0,1.6,7.2,1022.9,206.6
2026-09-27T17:00,20.1,0.0,64.8,ok,13.3,1.6,5.5,1022.8,58.8
2026-09-27T18:00,16.5,0.0,78.8,ok,12.8,2.4,5.5,1023.0,13.4
2026-09-27T19:00,13.4,0.0,88.5,ok,11.5,0.7,3.5,1023.4,0.0
2026-09-27T20:00,10.9,0.0,95.1,ok,10.1,1.8,3.5,1023.9,0.0
2026-09-27T21:00,9.7,0.0,97.0,ok,9.3,1.2,3.5,1024.3,0.0
2026-09-27T22:00,8.9,0.0,98.3,ok,8.6,0.8,3.5,1024.5,0.0
2026-09-27T23:00,8.3,0.0,99.0,ok,8.1,0.8,3.5,1024.6,0.0
2026-09-28T00:00,7.8,0.0,99.0,ok,7.6,0.6,3.5,1024.6,0.0
2026-09-28T01:00,7.1,0.0,99.0,ok,7.0,1.5,3.5,1024.5,0.0
2026-09-28T02:00,6.7,0.0,99.0,ok,6.6,0.8,3.5,1024.4,0.0
2026-09-28T03:00,6.5,0.0,99.0,ok,6.3,1.2,3.5,1024.1,0.0
2026-09-28T04:00,6.0,0.0,99.0,ok,5.9,0.8,3.5,1024.0,0.0
2026-09-28T05:00,5.9,0.0,99.0,ok,5.7,1.0,3.5,1023.9,0.0
2026-09-28T06:00,5.5,0.0,99.0,ok,5.3,0.6,3.5,1024.0,0.3
2026-09-28T07:00,5.5,0.0,99.0,ok,5.4,0.5,1.8,1024.5,18.8
2026-09-28T08:00,7.4,0.0,99.0,ok,7.2,0.1,1.8,1024.7,39.8
2026-09-28T09:00,10.6,0.0,98.9,ok,10.4,0.2,3.5,1024.7,61.9
2026-09-28T10:00,15.6,0.0,82.5,ok,12.5,0.6,3.5,1024.6,292.6
2026-09-28T11:00,18.9,0.0,69.2,ok,13.1,3.2,13.0,1024.6,463.3
2026-09-28T12:00,20.0,0.0,61.9,ok,12.4,5.1,11.1,1024.4,476.3
2026-09-28T13:00,21.0,0.0,59.3,ok,12.8,4.6,11.1,1024.0,475.9
2026-09-28T14:00,21.8,0.0,57.4,ok,13.1,4.2,11.1,1023.5,472.5
2026-09-28T15:00,22.8,0.0,54.7,ok,13.2,3.2,11.1,1023.2,327.0
2026-09-28T16:00,21.9,0.0,55.2,ok,12.5,3.9,9.3,1022.9,196.3
2026-09-28T17:00,20.1,0.0,63.9,ok,13.0,3.4,9.3,1022.9,59.3
2026-09-28T18:00,16.6,0.0,77.6,ok,12.7,3.2,5.5,1023.2,12.5
2026-09-28T19:00,12.8,0.0,91.3,ok,11.5,1.8,5.5,1023.8,0.0
2026-09-28T20:00,11.1,0.0,95.2,ok,10.3,1.8,3.5,1024.5,0.0
2026-09-28T21:00,9.8,0.0,97.2,ok,9.4,1.8,3.5,1024.9,0.0
2026-09-28T22:00,8.9,0.0,98.6,ok,8.7,1.7,3.5,1025.3,0.0
2026-09-28T23:00,8.4,0.0,99.0,ok,8.2,1.5,3.5,1025.4,0.0
2026-09-29T00:00,8.0,0.0,99.0,ok,7.8,1.0,3.5,1025.6,0.0
2026-09-29T01:00,7.2,0.0,99.0,ok,7.0,1.1,3.5,1025.8,0.0
2026-09-29T02:00,6.8,0.0,99.0,ok,6.6,1.7,3.5,1025.8,0.0
2026-09-29T03:00,6.2,0.0,99.0,ok,6.0,2.0,3.5,1025.8,0.0
2026-09-29T04:00,5.9,0.0,99.0,ok,5.8,1.1,3.5,1025.8,0.0
2026-09-29T05:00,5.8,0.0,99.0,ok,5.6,1.3,3.5,1025.6,0.0
2026-09-29T06:00,5.6,0.0,99.0,ok,5.5,0.8,3.5,1025.5,0.3
2026-09-29T07:00,5.7,0.0,99.0,ok,5.5,0.9,3.5,1025.8,16.7
2026-09-29T08:00,8.2,0.0,99.0,ok,8.1,0.4,3.5,1026.1,40.0
2026-09-29T09:00,11.3,0.0,96.8,ok,10.8,0.2,3.5,1026.3,62.5
2026-09-29T10:00,16.3,0.0,79.5,ok,12.7,1.1,5.5,1026.3,230.6
2026-09-29T11:00,19.3,0.0,66.4,ok,12.9,3.2,11.1,1026.2,395.0
2026-09-29T12:00,20.5,0.0,60.2,ok,12.5,5.1,11.1,1026.0,496.8
2026-09-29T13:00,21.8,0.0,55.7,ok,12.6,3.3,11.1,1025.5,531.6
2026-09-29T14:00,23.4,0.0,49.8,ok,12.3,1.8,7.2,1025.2,480.2
2026-09-29T15:00,24.3,0.0,47.6,ok,12.5,2.0,7.2,1025.0,329.3
2026-09-29T16:00,23.8,0.0,48.8,ok,12.4,2.5,7.2,1024.8,193.0
2026-09-29T17:00,21.3,0.0,58.9,ok,12.8,2.2,7.2,1024.9,52.4
2026-09-29T18:00,16.3,0.0,79.2,ok,12.6,2.8,7.2,1025.3,11.2
2026-09-29T19:00,13.1,0.0,90.1,ok,11.5,2.1,3.5,1025.7,0.0
2026-09-29T20:00,11.2,0.0,94.5,ok,10.3,2.4,3.5,1026.3,0.0
2026-09-29T21:00,10.2,0.0,96.7,ok,9.6,1.6,3.5,1026.7,0.0
2026-09-29T22:00,9.2,0.0,97.8,ok,8.8,1.5,3.5,1026.9,0.0
2026-09-29T23:00,8.4,0.0,99.0,ok,8.2,1.6,3.5,1026.9,0.0
2026-09-30T00:00,7.7,0.0,99.0,ok,7.5,1.3,3.5,1026.8,0.0
2026-09-30T01:00,7.2,0.0,99.0,ok,7.1,1.7,3.5,1026.9,0.0
2026-09-30T02:00,6.7,0.0,99.0,ok,6.5,2.1,3.5,1026.9,0.0
2026-09-30T03:00,6.4,0.0,99.0,ok,6.2,1.5,5.5,1026.8,0.0
2026-09-30T04:00,6.2,0.0,99.0,ok,6.0,0.6,3.5,1026.6,0.0
2026-09-30T05:00,5.4,0.0,99.0,ok,5.2,1.1,3.5,1026.6,0.0
2026-09-30T06:00,4.9,0.0,99.0,ok,4.7,1.2,3.5,1026.6,0.2
2026-09-30T07:00,5.3,0.0,99.0,ok,5.1,0.5,3.5,1027.0,16.2
2026-09-30T08:00,7.6,0.0,99.0,ok,7.5,0.6,3.5,1027.2,40.5
2026-09-30T09:00,10.6,0.0,97.2,ok,10.2,0.4,3.5,1027.1,52.4
2026-09-30T10:00,16.1,0.0,78.1,ok,12.2,1.0,5.5,1027.0,186.3
2026-09-30T11:00,19.7,0.0,63.5,ok,12.5,1.6,9.3,1026.7,442.7
2026-09-30T12:00,20.7,0.0,53.6,ok,10.9,5.5,13.0,1026.5,411.4
2026-09-30T13:00,21.9,0.0,50.9,ok,11.3,5.4,13.0,1026.1,529.4
2026-09-30T14:00,23.6,0.0,47.1,ok,11.6,2.7,11.1,1025.7,467.7
2026-09-30T15:00,24.3,0.0,45.1,ok,11.6,1.9,9.3,1025.4,324.1
2026-09-30T16:00,24.1,0.0,45.6,ok,11.5,1.7,7.2,1025.1,183.8
2026-09-30T17:00,20.8,0.0,58.7,ok,12.2,1.8,5.5,1025.1,48.3
2026-09-30T18:00,15.6,0.0,78.9,ok,12.0,2.3,5.5,1025.2,9.7
2026-09-30T19:00,11.8,0.0,91.5,ok,10.5,3.0,5.5,1025.6,0.0
2026-09-30T20:00,10.5,0.0,94.2,ok,9.6,2.0,5.5,1026.0,0.0
2026-09-30T21:00,9.8,0.0,95.9,ok,9.2,1.2,5.5,1026.3,0.0
2026-09-30T22:00,8.6,0.0,97.3,ok,8.2,2.0,3.5,1026.3,0.0
2026-09-30T23:00,8.1,0.0,98.8,ok,8.0,2.3,3.5,1026.3,0.0
2026-10-01T00:00,7.5,0.0,99.0,ok,7.4,2.2,3.5,1026.2,0.0
2026-10-01T01:00,7.1,0.0,99.0,ok,6.9,1.2,3.5,1026.2,0.0
2026-10-01T02:00,6.9,0.0,99.0,ok,6.7,1.7,5.5,1026.3,0.0
2026-10-01T03:00,6.4,0.0,99.0,ok,6.3,0.8,3.5,1026.2,0.0
2026-10-01T04:00,6.1,0.0,99.0,ok,5.9,1.0,3.5,1026.4,0.0
2026-10-01T05:00,5.6,0.0,99.0,ok,5.5,1.2,3.5,1026.4,0.0
2026-10-01T06:00,5.1,0.0,99.0,ok,4.9,1.3,3.5,1026.6,0.1
2026-10-01T07:00,5.2,0.0,99.0,ok,5.1,1.1,3.5,1026.8,15.5
2026-10-01T08:00,7.6,0.0,99.0,ok,7.5,0.3,1.8,1027.0,38.6
2026-10-01T09:00,11.0,0.0,95.9,ok,10.3,0.2,3.5,1027.1,53.3
2026-10-01T10:00,15.9,0.0,79.8,ok,12.4,1.4,5.5,1027.2,185.6
2026-10-01T11:00,19.0,0.0,61.2,ok,11.3,3.4,11.1,1027.1,465.4
2026-10-01T12:00,20.2,0.0,48.7,ok,9.0,4.6,11.1,1026.8,469.7
2026-10-01T13:00,21.1,0.0,47.2,ok,9.4,4.0,13.0,1026.5,544.2
2026-10-01T14:00,21.6,0.0,50.1,ok,10.8,3.7,11.1,1026.1,451.1
2026-10-01T15:00,21.9,0.0,52.1,ok,11.6,4.1,11.1,1025.9,318.7
2026-10-01T16:00,22.8,0.0,48.2,ok,11.2,2.0,9.3,1026.0,181.7
2026-10-01T17:00,20.3,0.0,52.9,ok,10.3,2.1,5.5,1026.2,44.5
2026-10-01T18:00,14.5,0.0,77.4,ok,10.5,3.2,5.5,1026.7,5.9
2026-10-01T19:00,11.0,0.0,88.8,ok,9.2,2.8,5.5,1027.3,0.0
2026-10-01T20:00,9.2,0.0,92.8,ok,8.1,1.7,3.5,1027.7,0.0
2026-10-01T21:00,8.1,0.0,95.2,ok,7.4,1.9,3.5,1028.3,0.0
2026-10-01T22:00,7.6,0.0,96.3,ok,7.1,1.5,5.5,1028.5,0.0
2026-10-01T23:00,6.9,0.0,97.8,ok,6.5,1.6,5.5,1028.7,0.0
2026-10-02T00:00,6.3,0.0,98.3,ok,6.0,1.7,3.5,1028.8,0.0
2026-10-02T01:00,5.5,0.0,99.0,ok,5.3,1.9,5.5,1029.2,0.0
2026-10-02T02:00,5.1,0.0,99.0,ok,4.9,1.3,5.5,1029.4,0.0
2026-10-02T03:00,4.9,0.0,99.0,ok,4.8,1.1,3.5,1029.6,0.0
2026-10-02T04:00,4.1,0.0,99.0,ok,4.0,2.0,3.5,1029.8,0.0
2026-10-02T05:00,3.9,0.0,99.0,ok,3.8,1.0,3.5,1029.8,0.0
2026-10-02T06:00,3.8,0.0,99.0,ok,3.6,1.1,3.5,1029.9,0.1
2026-10-02T07:00,4.1,0.0,99.0,ok,3.9,1.5,3.5,1030.2,14.6
2026-10-02T08:00,5.8,0.0,99.0,ok,5.6,1.4,3.5,1030.7,43.9
2026-10-02T09:00,9.2,0.0,93.3,ok,8.1,0.5,3.5,1031.1,83.6
2026-10-02T10:00,13.5,0.0,77.8,ok,9.7,1.0,3.5,1031.4,151.8
2026-10-02T11:00,17.7,0.0,61.8,ok,10.2,1.6,5.5,1031.4,395.1
2026-10-02T12:00,18.9,0.0,55.2,ok,9.7,3.9,9.3,1031.1,436.6
2026-10-02T13:00,20.0,0.0,45.8,ok,7.9,5.0,11.1,1030.8,418.3
2026-10-02T14:00,21.1,0.0,44.8,ok,8.7,2.6,11.1,1030.6,395.9
2026-10-02T15:00,21.7,0.0,43.1,ok,8.6,2.8,7.2,1030.3,317.7
2026-10-02T16:00,20.9,0.0,44.4,ok,8.2,2.9,7.2,1030.1,163.3
2026-10-02T17:00,16.9,0.0,64.6,ok,10.0,2.7,5.5,1030.0,43.0
2026-10-02T18:00,12.3,0.0,83.0,ok,9.5,2.8,5.5,1030.2,6.7
2026-10-02T19:00,9.4,0.0,90.2,ok,7.9,2.9,5.5,1030.5,0.0
2026-10-02T20:00,7.8,0.0,93.5,ok,6.9,3.2,5.5,1030.9,0.0
2026-10-02T21:00,7.1,0.0,94.9,ok,6.4,2.1,5.5,1031.1,0.0
2026-10-02T22:00,6.1,0.0,96.2,ok,5.5,2.7,5.5,1031.3,0.0
2026-10-02T23:00,5.5,0.0,97.2,ok,5.1,2.1,5.5,1031.5,0.0
2026-10-03T00:00,5.3,0.0,97.5,ok,5.0,1.5,3.5,1031.7,0.0
2026-10-03T01:00,4.7,0.0,98.1,ok,4.5,1.7,3.5,1031.7,0.0
2026-10-03T02:00,4.5,0.0,99.0,ok,4.4,1.4,3.5,1031.5,0.0
2026-10-03T03:00,4.1,0.0,99.0,ok,3.9,1.8,3.5,1031.4,0.0
2026-10-03T04:00,3.6,0.0,99.0,ok,3.4,1.8,3.5,1031.2,0.0
2026-10-03T05:00,3.3,0.0,99.0,ok,3.1,1.5,3.5,1031.4,0.0
2026-10-03T06:00,3.1,0.0,99.0,ok,2.9,0.6,3.5,1031.5,0.0
2026-10-03T07:00,2.9,0.0,99.0,ok,2.7,0.8,3.5,1031.5,14.3
2026-10-03T08:00,5.0,0.0,99.0,ok,4.8,0.1,1.8,1031.6,32.0
2026-10-03T09:00,9.5,0.0,89.7,ok,7.8,0.6,3.5,1031.7,76.7
2026-10-03T10:00,14.2,0.0,75.1,ok,9.8,0.8,3.5,1031.4,145.4
2026-10-03T11:00,18.0,0.0,60.4,ok,10.2,1.8,5.5,1031.1,506.2
2026-10-03T12:00,20.4,0.0,49.3,ok,9.3,3.1,11.1,1030.6,551.9
2026-10-03T13:00,20.7,0.0,46.1,ok,8.7,4.7,11.1,1030.1,558.5
2026-10-03T14:00,21.3,0.0,45.6,ok,9.1,4.1,11.1,1029.6,424.4
2026-10-03T15:00,23.0,0.0,41.2,ok,9.1,1.2,5.5,1029.1,311.9
2026-10-03T16:00,22.3,0.0,43.4,ok,9.3,2.1,7.2,1028.9,167.8
2026-10-03T17:00,18.7,0.0,55.5,ok,9.5,2.6,7.2,1028.8,40.6
2026-10-03T18:00,13.8,0.0,75.4,ok,9.4,2.2,5.5,1029.0,7.3
2026-10-03T19:00,10.1,0.0,88.3,ok,8.3,2.5,5.5,1029.4,0.0
2026-10-03T20:00,8.3,0.0,92.5,ok,7.2,2.5,5.5,1029.7,0.0
2026-10-03T21:00,6.8,0.0,95.8,ok,6.2,2.5,5.5,1030.1,0.0
2026-10-03T22:00,6.1,0.0,97.2,ok,5.7,1.4,3.5,1030.2,0.0
2026-10-03T23:00,5.6,0.0,98.0,ok,5.3,2.3,5.5,1030.0,0.0
2026-10-04T00:00,4.8,0.0,99.0,ok,4.6,2.9,3.5,1029.9,0.0
2026-10-04T01:00,4.4,0.0,99.0,ok,4.3,2.0,5.5,1029.8,0.0
2026-10-04T02:00,3.8,0.0,99.0,ok,3.7,2.1,5.5,1029.6,0.0
2026-10-04T03:00,3.6,0.0,99.0,ok,3.5,0.9,3.5,1029.2,0.0
2026-10-04T04:00,3.1,0.0,99.0,ok,2.9,1.5,3.5,1029.1,0.0
2026-10-04T05:00,2.6,0.0,99.0,ok,2.4,1.6,3.5,1028.9,0.0
2026-10-04T06:00,2.2,0.0,99.0,ok,2.1,1.5,3.5,1028.8,0.0
2026-10-04T07:00,2.2,0.0,99.0,ok,2.0,1.1,3.5,1029.1,12.4
2026-10-04T08:00,4.6,0.0,99.0,ok,4.4,0.3,1.8,1029.3,30.8
2026-10-04T09:00,8.2,0.0,95.2,ok,7.4,0.2,1.8,1029.3,77.0
2026-10-04T10:00,13.7,0.0,75.2,ok,9.3,1.3,5.5,1029.0,123.2
2026-10-04T11:00,17.6,0.0,60.8,ok,9.9,2.2,5.5,1028.3,497.3
2026-10-04T12:00,19.8,0.0,51.2,ok,9.4,1.9,7.2,1027.7,603.2
2026-10-04T13:00,21.4,0.0,47.6,ok,9.8,1.9,7.2,1027.1,548.0
2026-10-04T14:00,22.8,0.0,45.6,ok,10.4,2.3,9.3,1026.5,405.1
2026-10-04T15:00,22.2,0.0,47.3,ok,10.4,3.6,9.3,1025.8,304.2
2026-10-04T16:00,21.9,0.0,48.5,ok,10.5,3.8,9.3,1025.3,165.9
2026-10-04T17:00,19.0,0.0,60.0,ok,11.1,3.4,7.2,1025.1,37.2
2026-10-04T18:00,15.0,0.0,74.2,ok,10.4,1.8,7.2,1025.5,6.5
2026-10-04T19:00,10.3,0.0,90.6,ok,8.9,2.2,5.5,1026.0,0.0
2026-10-04T20:00,8.5,0.0,94.7,ok,7.7,2.3,5.5,1026.2,0.0
2026-10-04T21:00,7.3,0.0,96.8,ok,6.9,2.3,5.5,1026.5,0.0
2026-10-04T22:00,6.6,0.0,97.5,ok,6.2,1.9,3.5,1026.6,0.0
2026-10-04T23:00,5.7,0.0,98.6,ok,5.5,2.3,5.5,1026.4,0.0
2026-10-05T00:00,5.1,0.0,99.0,ok,4.9,2.0,3.5,1026.2,0.0
2026-10-05T01:00,4.4,0.0,99.0,ok,4.2,1.3,3.5,1026.0,0.0
2026-10-05T02:00,4.2,0.0,99.0,ok,4.1,1.2,3.5,1025.8,0.0
2026-10-05T03:00,3.8,0.0,99.0,ok,3.6,1.3,3.5,1025.5,0.0
2026-10-05T04:00,4.0,0.0,99.0,ok,3.8,0.9,3.5,1025.3,0.0
2026-10-05T05:00,3.3,0.0,99.0,ok,3.2,1.0,3.5,1025.2,0.0
2026-10-05T06:00,3.2,0.0,99.0,ok,3.1,0.4,1.8,1025.3,0.0
2026-10-05T07:00,3.0,0.0,99.0,ok,2.9,0.3,3.5,1025.5,17.5
2026-10-05T08:00,5.5,0.0,99.0,ok,5.4,0.0,3.5,1025.6,69.2
2026-10-05T09:00,8.1,0.0,96.8,ok,7.6,0.3,1.8,1025.6,114.3
2026-10-05T10:00,11.7,0.0,84.8,ok,9.3,0.6,5.5,1025.6,198.4
2026-10-05T11:00,14.8,0.0,73.3,ok,10.1,1.0,3.5,1025.5,310.3
2026-10-05T12:00,16.5,0.0,69.8,ok,10.9,1.3,3.5,1025.1,268.8
2026-10-05T13:00,18.7,0.0,64.4,ok,11.8,1.7,5.5,1024.3,434.6
2026-10-05T14:00,19.8,0.0,59.2,ok,11.6,2.7,9.3,1023.8,382.0
2026-10-05T15:00,20.3,0.0,57.5,ok,11.6,3.7,9.3,1023.2,297.5
2026-10-05T16:00,19.0,0.0,55.2,ok,9.8,4.2,9.3,1022.8,134.8
2026-10-05T17:00,16.9,0.0,70.8,ok,11.5,2.3,5.5,1022.8,59.2
2026-10-05T18:00,13.9,0.0,82.7,ok,10.9,1.7,5.5,1023.0,7.1
2026-10-05T19:00,10.1,0.0,90.8,ok,8.7,2.1,5.5,1023.5,0.0
2026-10-05T20:00,8.1,0.0,94.1,ok,7.3,2.4,3.5,1023.9,0.0
2026-10-05T21:00,7.1,0.0,96.2,ok,6.5,1.7,3.5,1024.0,0.0
2026-10-05T22:00,6.2,0.0,97.6,ok,5.9,1.8,3.5,1024.1,0.0
2026-10-05T23:00,5.4,0.0,98.8,ok,5.2,1.2,3.5,1024.0,0.0
2026-10-06T00:00,5.5,0.0,99.0,ok,5.3,0.7,3.5,1023.8,0.0
2026-10-06T01:00,4.9,0.0,99.0,ok,4.8,1.4,3.5,1023.6,0.0
2026-10-06T02:00,4.4,0.0,99.0,ok,4.2,0.7,3.5,1023.4,0.0
2026-10-06T03:00,3.6,0.0,99.0,ok,3.5,1.3,3.5,1023.1,0.0
2026-10-06T04:00,3.2,0.0,99.0,ok,3.0,1.2,3.5,1022.7,0.0
2026-10-06T05:00,2.8,0.0,99.0,ok,2.6,1.4,3.5,1022.6,0.0
2026-10-06T06:00,2.2,0.0,99.0,ok,2.1,0.1,1.8,1022.5,0.0
2026-10-06T07:00,2.1,0.0,99.0,ok,1.9,0.7,3.5,1022.7,12.8
2026-10-06T08:00,4.0,0.0,99.0,ok,3.9,0.7,3.5,1023.0,31.6
2026-10-06T09:00,7.6,0.0,97.2,ok,7.2,0.6,3.5,1023.1,73.8
2026-10-06T10:00,12.7,0.0,80.7,ok,9.4,1.7,5.5,1022.8,187.2
2026-10-06T11:00,16.8,0.0,65.0,ok,10.1,2.0,5.5,1022.1,455.3
2026-10-06T12:00,19.2,0.0,56.7,ok,10.3,2.1,7.2,1021.4,575.2
2026-10-06T13:00,20.1,0.0,46.8,ok,8.4,1.5,5.5,1020.6,374.6
2026-10-06T14:00,21.5,0.0,47.8,ok,9.9,2.2,9.3,1020.1,467.6
2026-10-06T15:00,21.0,0.0,54.7,ok,11.5,1.2,5.5,1019.7,209.0
2026-10-06T16:00,18.6,0.0,66.8,ok,12.2,1.1,3.5,1019.4,84.7
2026-10-06T17:00,16.9,0.0,80.6,ok,13.6,1.4,3.5,1019.2,45.2
2026-10-06T18:00,14.6,0.0,89.8,ok,12.9,2.5,5.5,1019.2,5.6
2026-10-06T19:00,13.0,0.0,93.4,ok,11.9,1.5,5.5,1019.4,0.0
2026-10-06T20:00,12.5,0.0,94.0,ok,11.6,1.1,3.5,1019.4,0.0
2026-10-06T21:00,11.9,0.0,94.7,ok,11.0,1.2,3.5,1019.2,0.0
2026-10-06T22:00,10.9,0.0,96.1,ok,10.3,1.4,3.5,1019.3,0.0
2026-10-06T23:00,10.2,0.0,97.1,ok,9.8,1.5,5.5,1019.1,0.0
2026-10-07T00:00,10.0,0.0,97.8,ok,9.6,1.0,3.5,1018.8,0.0
2026-10-07T01:00,10.0,0.0,97.6,ok,9.6,1.1,5.5,1018.6,0.0
2026-10-07T02:00,9.0,0.0,98.3,ok,8.7,1.2,3.5,1018.5,0.0
2026-10-07T03:00,8.2,0.0,99.0,ok,8.0,1.7,7.2,1018.1,0.0
2026-10-07T04:00,7.6,0.0,99.0,ok,7.4,0.7,3.5,1017.8,0.0
2026-10-07T05:00,7.6,0.0,99.0,ok,7.4,1.1,5.5,1017.5,0.0
2026-10-07T06:00,7.3,0.0,99.0,ok,7.2,0.8,5.5,1017.3,0.0
2026-10-07T07:00,6.7,0.0,99.0,ok,6.5,0.7,5.5,1017.5,13.2
2026-10-07T08:00,8.1,0.0,99.0,ok,8.0,1.8,5.5,1017.7,38.2
2026-10-07T09:00,11.7,0.0,92.4,ok,10.4,1.1,5.5,1017.6,70.9
2026-10-07T10:00,17.6,0.0,74.2,ok,12.9,5.0,16.6,1017.2,328.2
2026-10-07T11:00,20.2,0.0,63.9,ok,13.2,9.6,23.8,1016.9,443.8
2026-10-07T12:00,20.6,0.0,63.7,ok,13.4,8.0,25.6,1016.5,516.4
2026-10-07T13:00,20.5,0.0,64.5,ok,13.6,3.1,23.8,1016.2,442.6
2026-10-07T14:00,20.2,0.0,67.3,ok,14.0,7.4,27.7,1016.1,372.3
2026-10-07T15:00,21.0,0.0,66.8,ok,14.6,5.6,16.6,1015.7,277.4
2026-10-07T16:00,19.5,0.0,71.8,ok,14.2,5.8,18.3,1015.6,128.1
2026-10-07T17:00,18.2,0.0,78.2,ok,14.3,2.2,11.1,1015.2,33.4
2026-10-07T18:00,17.6,0.0,81.7,ok,14.4,2.3,5.5,1015.1,0.7
2026-10-07T19:00,17.4,0.0,81.8,ok,14.2,3.4,20.1,1015.4,0.0
2026-10-07T20:00,17.6,0.0,82.0,ok,14.5,3.8,14.8,1015.5,0.0
2026-10-07T21:00,17.1,0.0,84.9,ok,14.5,4.1,16.6,1015.3,0.0
2026-10-07T22:00,16.9,0.0,83.2,ok,14.0,2.0,11.1,1014.9,0.0
2026-10-07T23:00,17.3,0.0,81.7,ok,14.2,2.4,11.1,1014.6,0.0
2026-10-08T00:00,17.5,0.0,78.8,ok,13.8,3.2,18.3,1014.1,0.0
2026-10-08T01:00,17.3,0.0,80.2,ok,13.8,3.6,9.3,1013.6,0.0
2026-10-08T02:00,16.4,0.0,84.5,ok,13.8,0.9,9.3,1013.3,0.0
2026-10-08T03:00,15.7,0.0,90.5,ok,14.2,0.8,7.2,1012.6,0.0
2026-10-08T04:00,15.6,0.0,92.0,ok,14.3,0.9,7.2,1012.2,0.0
2026-10-08T05:00,15.0,3.3,96.3,ok,14.5,2.3,7.2,1011.7,0.0
2026-10-08T06:00,14.5,0.0,99.0,ok,14.3,0.7,5.5,1011.3,0.0
2026-10-08T07:00,14.3,0.0,99.0,ok,14.2,1.0,5.5,1011.2,1.2
2026-10-08T08:00,14.4,0.8,99.0,ok,14.3,1.2,9.3,1011.2,46.4
2026-10-08T09:00,14.6,0.8,99.0,ok,14.4,1.1,5.5,1011.1,48.5
2026-10-08T10:00,14.8,0.0,99.0,ok,14.6,1.1,5.5,1010.8,118.7
2026-10-08T11:00,15.7,0.0,99.0,ok,15.5,0.8,5.5,1010.5,208.9
2026-10-08T12:00,17.5,0.0,96.5,ok,16.9,0.9,5.5,1010.1,275.1
2026-10-08T13:00,18.7,1.7,89.8,ok,16.9,4.4,11.1,1009.8,129.5
2026-10-08T14:00,17.0,1.0,95.7,ok,16.3,1.7,9.3,1009.7,120.7
2026-10-08T15:00,17.7,0.0,93.3,ok,16.6,3.3,16.6,1009.8,133.3
2026-10-08T16:00,18.9,0.0,87.5,ok,16.7,4.5,18.3,1009.8,162.8
2026-10-08T17:00,17.6,0.0,92.2,ok,16.3,1.2,7.2,1009.9,20.6
2026-10-08T18:00,16.8,0.5,95.5,ok,16.1,0.4,5.5,1010.1,1.8
2026-10-08T19:00,16.2,0.0,96.1,ok,15.6,0.6,5.5,1010.4,0.0
2026-10-08T20:00,16.1,0.0,95.8,ok,15.4,1.2,7.2,1010.6,0.0
2026-10-08T21:00,16.0,0.0,95.2,ok,15.3,1.1,9.3,1010.8,0.0
2026-10-08T22:00,15.4,0.0,96.2,ok,14.9,2.2,9.3,1011.8,0.0
2026-10-08T23:00,14.8,0.0,97.7,ok,14.5,0.6,5.5,1012.9,0.0
2026-10-09T00:00,14.0,0.0,99.0,ok,13.8,0.3,3.5,1013.6,0.0
2026-10-09T01:00,13.5,0.0,99.0,ok,13.3,0.4,3.5,1014.1,0.0
2026-10-09T02:00,13.3,0.0,99.0,ok,13.1,0.3,1.8,1014.6,0.0
2026-10-09T03:00,13.3,0.0,99.0,ok,13.1,0.0,1.8,1015.2,0.0
2026-10-09T04:00,13.2,0.0,99.0,ok,13.1,0.0,1.8,1015.9,0.0
2026-10-09T05:00,12.9,0.0,99.0,ok,12.8,0.1,1.8,1016.3,0.0
2026-10-09T06:00,12.8,0.0,99.0,ok,12.6,0.1,1.8,1016.6,0.0
2026-10-09T07:00,13.0,0.0,99.0,ok,12.8,0.2,3.5,1017.2,2.5
2026-10-09T08:00,13.1,0.2,99.0,ok,12.9,0.5,5.5,1018.1,9.9
2026-10-09T09:00,13.0,0.8,96.7,ok,12.5,1.8,7.2,1019.1,27.3
2026-10-09T10:00,12.1,0.5,98.0,ok,11.8,3.2,7.2,1019.7,42.5
2026-10-09T11:00,11.5,2.0,98.9,ok,11.3,2.1,7.2,1020.4,60.1
2026-10-09T12:00,11.2,1.8,99.0,ok,11.0,2.3,7.2,1020.6,90.9
2026-10-09T13:00,10.8,0.3,99.0,ok,10.7,4.3,9.3,1020.5,68.3
2026-10-09T14:00,10.8,0.0,98.8,ok,10.6,1.2,7.2,1020.0,64.2
2026-10-09T15:00,11.0,0.2,98.0,ok,10.7,0.3,3.5,1019.5,51.4
2026-10-09T16:00,11.1,0.0,98.0,ok,10.8,0.5,3.5,1019.0,39.3
2026-10-09T17:00,11.2,0.0,97.8,ok,10.9,0.1,1.8,1018.4,29.5
2026-10-09T18:00,11.1,0.0,98.2,ok,10.9,0.0,1.8,1018.4,1.2
2026-10-09T19:00,10.7,0.0,99.0,ok,10.5,0.6,3.5,1018.2,0.0
2026-10-09T20:00,10.6,0.0,99.0,ok,10.4,0.3,3.5,1018.2,0.0
2026-10-09T21:00,10.7,0.0,99.0,ok,10.5,0.2,1.8,1018.0,0.0
2026-10-09T22:00,10.5,0.0,99.0,ok,10.3,0.1,1.8,1018.0,0.0
2026-10-09T23:00,10.2,0.0,99.0,ok,10.0,0.1,1.8,1017.6,0.0
